[0.091s] DEBUG:colcon:Command line arguments: ['/usr/bin/colcon', 'build']
[0.091s] DEBUG:colcon:Parsed command line arguments: Namespace(log_base=None, log_level=None, verb_name='build', build_base='build', install_base='install', merge_install=False, symlink_install=False, test_result_base=None, continue_on_error=False, executor='parallel', parallel_workers=12, event_handlers=None, ignore_user_meta=False, metas=['./colcon.meta'], base_paths=['.'], packages_ignore=None, packages_ignore_regex=None, paths=None, packages_up_to=None, packages_up_to_regex=None, packages_above=None, packages_above_and_dependencies=None, packages_above_depth=None, packages_select_by_dep=None, packages_skip_by_dep=None, packages_skip_up_to=None, packages_select_build_failed=False, packages_skip_build_finished=False, packages_select_test_failures=False, packages_skip_test_passed=False, packages_select=None, packages_skip=None, packages_select_regex=None, packages_skip_regex=None, packages_start=None, packages_end=None, allow_overriding=[], cmake_args=None, cmake_target=None, cmake_target_skip_unavailable=False, cmake_clean_cache=False, cmake_clean_first=False, cmake_force_configure=False, ament_cmake_args=None, catkin_cmake_args=None, catkin_skip_building_tests=False, mixin_files=None, mixin=None, verb_parser=<colcon_mixin.mixin.mixin_argument.MixinArgumentDecorator object at 0x77a0b6de6ed0>, verb_extension=<colcon_core.verb.build.BuildVerb object at 0x77a0b6de6ae0>, main=<bound method BuildVerb.main of <colcon_core.verb.build.BuildVerb object at 0x77a0b6de6ae0>>, mixin_verb=('build',))
[0.127s] Level 1:colcon.colcon_core.package_discovery:discover_packages(colcon_meta) check parameters
[0.127s] Level 1:colcon.colcon_core.package_discovery:discover_packages(recursive) check parameters
[0.127s] Level 1:colcon.colcon_core.package_discovery:discover_packages(ignore) check parameters
[0.127s] Level 1:colcon.colcon_core.package_discovery:discover_packages(path) check parameters
[0.127s] Level 1:colcon.colcon_core.package_discovery:discover_packages(colcon_meta) discover
[0.127s] Level 1:colcon.colcon_core.package_discovery:discover_packages(recursive) discover
[0.128s] INFO:colcon.colcon_core.package_discovery:Crawling recursively for packages in '/home/zakaria/grasp_planner'
[0.128s] Level 1:colcon.colcon_core.package_identification:_identify(.) by extensions ['ignore', 'ignore_ament_install']
[0.128s] Level 1:colcon.colcon_core.package_identification:_identify(.) by extension 'ignore'
[0.128s] Level 1:colcon.colcon_core.package_identification:_identify(.) by extension 'ignore_ament_install'
[0.128s] Level 1:colcon.colcon_core.package_identification:_identify(.) by extensions ['colcon_pkg']
[0.128s] Level 1:colcon.colcon_core.package_identification:_identify(.) by extension 'colcon_pkg'
[0.128s] Level 1:colcon.colcon_core.package_identification:_identify(.) by extensions ['colcon_meta']
[0.128s] Level 1:colcon.colcon_core.package_identification:_identify(.) by extension 'colcon_meta'
[0.128s] Level 1:colcon.colcon_core.package_identification:_identify(.) by extensions ['ros']
[0.128s] Level 1:colcon.colcon_core.package_identification:_identify(.) by extension 'ros'
[0.149s] Level 1:colcon.colcon_core.package_identification:_identify(.) by extensions ['cmake', 'python']
[0.149s] Level 1:colcon.colcon_core.package_identification:_identify(.) by extension 'cmake'
[0.149s] Level 1:colcon.colcon_core.package_identification:_identify(.) by extension 'python'
[0.149s] Level 1:colcon.colcon_core.package_identification:_identify(.) by extensions ['python_setup_py']
[0.149s] Level 1:colcon.colcon_core.package_identification:_identify(.) by extension 'python_setup_py'
[0.149s] Level 1:colcon.colcon_core.package_identification:_identify(build) by extensions ['ignore', 'ignore_ament_install']
[0.149s] Level 1:colcon.colcon_core.package_identification:_identify(build) by extension 'ignore'
[0.149s] Level 1:colcon.colcon_core.package_identification:_identify(build) ignored
[0.149s] Level 1:colcon.colcon_core.package_identification:_identify(docs) by extensions ['ignore', 'ignore_ament_install']
[0.149s] Level 1:colcon.colcon_core.package_identification:_identify(docs) by extension 'ignore'
[0.149s] Level 1:colcon.colcon_core.package_identification:_identify(docs) by extension 'ignore_ament_install'
[0.149s] Level 1:colcon.colcon_core.package_identification:_identify(docs) by extensions ['colcon_pkg']
[0.149s] Level 1:colcon.colcon_core.package_identification:_identify(docs) by extension 'colcon_pkg'
[0.149s] Level 1:colcon.colcon_core.package_identification:_identify(docs) by extensions ['colcon_meta']
[0.149s] Level 1:colcon.colcon_core.package_identification:_identify(docs) by extension 'colcon_meta'
[0.149s] Level 1:colcon.colcon_core.package_identification:_identify(docs) by extensions ['ros']
[0.149s] Level 1:colcon.colcon_core.package_identification:_identify(docs) by extension 'ros'
[0.149s] Level 1:colcon.colcon_core.package_identification:_identify(docs) by extensions ['cmake', 'python']
[0.149s] Level 1:colcon.colcon_core.package_identification:_identify(docs) by extension 'cmake'
[0.149s] Level 1:colcon.colcon_core.package_identification:_identify(docs) by extension 'python'
[0.149s] Level 1:colcon.colcon_core.package_identification:_identify(docs) by extensions ['python_setup_py']
[0.149s] Level 1:colcon.colcon_core.package_identification:_identify(docs) by extension 'python_setup_py'
[0.150s] Level 1:colcon.colcon_core.package_identification:_identify(grasp_test_files) by extensions ['ignore', 'ignore_ament_install']
[0.150s] Level 1:colcon.colcon_core.package_identification:_identify(grasp_test_files) by extension 'ignore'
[0.150s] Level 1:colcon.colcon_core.package_identification:_identify(grasp_test_files) by extension 'ignore_ament_install'
[0.150s] Level 1:colcon.colcon_core.package_identification:_identify(grasp_test_files) by extensions ['colcon_pkg']
[0.150s] Level 1:colcon.colcon_core.package_identification:_identify(grasp_test_files) by extension 'colcon_pkg'
[0.150s] Level 1:colcon.colcon_core.package_identification:_identify(grasp_test_files) by extensions ['colcon_meta']
[0.150s] Level 1:colcon.colcon_core.package_identification:_identify(grasp_test_files) by extension 'colcon_meta'
[0.150s] Level 1:colcon.colcon_core.package_identification:_identify(grasp_test_files) by extensions ['ros']
[0.150s] Level 1:colcon.colcon_core.package_identification:_identify(grasp_test_files) by extension 'ros'
[0.150s] Level 1:colcon.colcon_core.package_identification:_identify(grasp_test_files) by extensions ['cmake', 'python']
[0.150s] Level 1:colcon.colcon_core.package_identification:_identify(grasp_test_files) by extension 'cmake'
[0.150s] Level 1:colcon.colcon_core.package_identification:_identify(grasp_test_files) by extension 'python'
[0.150s] Level 1:colcon.colcon_core.package_identification:_identify(grasp_test_files) by extensions ['python_setup_py']
[0.150s] Level 1:colcon.colcon_core.package_identification:_identify(grasp_test_files) by extension 'python_setup_py'
[0.150s] Level 1:colcon.colcon_core.package_identification:_identify(grasp_test_files/convexModel) by extensions ['ignore', 'ignore_ament_install']
[0.150s] Level 1:colcon.colcon_core.package_identification:_identify(grasp_test_files/convexModel) by extension 'ignore'
[0.150s] Level 1:colcon.colcon_core.package_identification:_identify(grasp_test_files/convexModel) by extension 'ignore_ament_install'
[0.150s] Level 1:colcon.colcon_core.package_identification:_identify(grasp_test_files/convexModel) by extensions ['colcon_pkg']
[0.150s] Level 1:colcon.colcon_core.package_identification:_identify(grasp_test_files/convexModel) by extension 'colcon_pkg'
[0.150s] Level 1:colcon.colcon_core.package_identification:_identify(grasp_test_files/convexModel) by extensions ['colcon_meta']
[0.150s] Level 1:colcon.colcon_core.package_identification:_identify(grasp_test_files/convexModel) by extension 'colcon_meta'
[0.150s] Level 1:colcon.colcon_core.package_identification:_identify(grasp_test_files/convexModel) by extensions ['ros']
[0.150s] Level 1:colcon.colcon_core.package_identification:_identify(grasp_test_files/convexModel) by extension 'ros'
[0.150s] Level 1:colcon.colcon_core.package_identification:_identify(grasp_test_files/convexModel) by extensions ['cmake', 'python']
[0.150s] Level 1:colcon.colcon_core.package_identification:_identify(grasp_test_files/convexModel) by extension 'cmake'
[0.150s] Level 1:colcon.colcon_core.package_identification:_identify(grasp_test_files/convexModel) by extension 'python'
[0.150s] Level 1:colcon.colcon_core.package_identification:_identify(grasp_test_files/convexModel) by extensions ['python_setup_py']
[0.150s] Level 1:colcon.colcon_core.package_identification:_identify(grasp_test_files/convexModel) by extension 'python_setup_py'
[0.150s] Level 1:colcon.colcon_core.package_identification:_identify(grasp_test_files/convexModel/armar) by extensions ['ignore', 'ignore_ament_install']
[0.150s] Level 1:colcon.colcon_core.package_identification:_identify(grasp_test_files/convexModel/armar) by extension 'ignore'
[0.150s] Level 1:colcon.colcon_core.package_identification:_identify(grasp_test_files/convexModel/armar) by extension 'ignore_ament_install'
[0.150s] Level 1:colcon.colcon_core.package_identification:_identify(grasp_test_files/convexModel/armar) by extensions ['colcon_pkg']
[0.150s] Level 1:colcon.colcon_core.package_identification:_identify(grasp_test_files/convexModel/armar) by extension 'colcon_pkg'
[0.151s] Level 1:colcon.colcon_core.package_identification:_identify(grasp_test_files/convexModel/armar) by extensions ['colcon_meta']
[0.151s] Level 1:colcon.colcon_core.package_identification:_identify(grasp_test_files/convexModel/armar) by extension 'colcon_meta'
[0.151s] Level 1:colcon.colcon_core.package_identification:_identify(grasp_test_files/convexModel/armar) by extensions ['ros']
[0.151s] Level 1:colcon.colcon_core.package_identification:_identify(grasp_test_files/convexModel/armar) by extension 'ros'
[0.151s] Level 1:colcon.colcon_core.package_identification:_identify(grasp_test_files/convexModel/armar) by extensions ['cmake', 'python']
[0.151s] Level 1:colcon.colcon_core.package_identification:_identify(grasp_test_files/convexModel/armar) by extension 'cmake'
[0.151s] Level 1:colcon.colcon_core.package_identification:_identify(grasp_test_files/convexModel/armar) by extension 'python'
[0.151s] Level 1:colcon.colcon_core.package_identification:_identify(grasp_test_files/convexModel/armar) by extensions ['python_setup_py']
[0.151s] Level 1:colcon.colcon_core.package_identification:_identify(grasp_test_files/convexModel/armar) by extension 'python_setup_py'
[0.151s] Level 1:colcon.colcon_core.package_identification:_identify(grasp_test_files/convexModel/armar/hands) by extensions ['ignore', 'ignore_ament_install']
[0.151s] Level 1:colcon.colcon_core.package_identification:_identify(grasp_test_files/convexModel/armar/hands) by extension 'ignore'
[0.151s] Level 1:colcon.colcon_core.package_identification:_identify(grasp_test_files/convexModel/armar/hands) by extension 'ignore_ament_install'
[0.151s] Level 1:colcon.colcon_core.package_identification:_identify(grasp_test_files/convexModel/armar/hands) by extensions ['colcon_pkg']
[0.151s] Level 1:colcon.colcon_core.package_identification:_identify(grasp_test_files/convexModel/armar/hands) by extension 'colcon_pkg'
[0.151s] Level 1:colcon.colcon_core.package_identification:_identify(grasp_test_files/convexModel/armar/hands) by extensions ['colcon_meta']
[0.151s] Level 1:colcon.colcon_core.package_identification:_identify(grasp_test_files/convexModel/armar/hands) by extension 'colcon_meta'
[0.151s] Level 1:colcon.colcon_core.package_identification:_identify(grasp_test_files/convexModel/armar/hands) by extensions ['ros']
[0.151s] Level 1:colcon.colcon_core.package_identification:_identify(grasp_test_files/convexModel/armar/hands) by extension 'ros'
[0.151s] Level 1:colcon.colcon_core.package_identification:_identify(grasp_test_files/convexModel/armar/hands) by extensions ['cmake', 'python']
[0.151s] Level 1:colcon.colcon_core.package_identification:_identify(grasp_test_files/convexModel/armar/hands) by extension 'cmake'
[0.151s] Level 1:colcon.colcon_core.package_identification:_identify(grasp_test_files/convexModel/armar/hands) by extension 'python'
[0.151s] Level 1:colcon.colcon_core.package_identification:_identify(grasp_test_files/convexModel/armar/hands) by extensions ['python_setup_py']
[0.151s] Level 1:colcon.colcon_core.package_identification:_identify(grasp_test_files/convexModel/armar/hands) by extension 'python_setup_py'
[0.151s] Level 1:colcon.colcon_core.package_identification:_identify(grasp_test_files/convexModel/armar/head) by extensions ['ignore', 'ignore_ament_install']
[0.151s] Level 1:colcon.colcon_core.package_identification:_identify(grasp_test_files/convexModel/armar/head) by extension 'ignore'
[0.151s] Level 1:colcon.colcon_core.package_identification:_identify(grasp_test_files/convexModel/armar/head) by extension 'ignore_ament_install'
[0.151s] Level 1:colcon.colcon_core.package_identification:_identify(grasp_test_files/convexModel/armar/head) by extensions ['colcon_pkg']
[0.151s] Level 1:colcon.colcon_core.package_identification:_identify(grasp_test_files/convexModel/armar/head) by extension 'colcon_pkg'
[0.151s] Level 1:colcon.colcon_core.package_identification:_identify(grasp_test_files/convexModel/armar/head) by extensions ['colcon_meta']
[0.151s] Level 1:colcon.colcon_core.package_identification:_identify(grasp_test_files/convexModel/armar/head) by extension 'colcon_meta'
[0.151s] Level 1:colcon.colcon_core.package_identification:_identify(grasp_test_files/convexModel/armar/head) by extensions ['ros']
[0.151s] Level 1:colcon.colcon_core.package_identification:_identify(grasp_test_files/convexModel/armar/head) by extension 'ros'
[0.151s] Level 1:colcon.colcon_core.package_identification:_identify(grasp_test_files/convexModel/armar/head) by extensions ['cmake', 'python']
[0.151s] Level 1:colcon.colcon_core.package_identification:_identify(grasp_test_files/convexModel/armar/head) by extension 'cmake'
[0.151s] Level 1:colcon.colcon_core.package_identification:_identify(grasp_test_files/convexModel/armar/head) by extension 'python'
[0.151s] Level 1:colcon.colcon_core.package_identification:_identify(grasp_test_files/convexModel/armar/head) by extensions ['python_setup_py']
[0.151s] Level 1:colcon.colcon_core.package_identification:_identify(grasp_test_files/convexModel/armar/head) by extension 'python_setup_py'
[0.152s] Level 1:colcon.colcon_core.package_identification:_identify(grasp_test_files/convexModel/armar/left_arm) by extensions ['ignore', 'ignore_ament_install']
[0.152s] Level 1:colcon.colcon_core.package_identification:_identify(grasp_test_files/convexModel/armar/left_arm) by extension 'ignore'
[0.152s] Level 1:colcon.colcon_core.package_identification:_identify(grasp_test_files/convexModel/armar/left_arm) by extension 'ignore_ament_install'
[0.152s] Level 1:colcon.colcon_core.package_identification:_identify(grasp_test_files/convexModel/armar/left_arm) by extensions ['colcon_pkg']
[0.152s] Level 1:colcon.colcon_core.package_identification:_identify(grasp_test_files/convexModel/armar/left_arm) by extension 'colcon_pkg'
[0.152s] Level 1:colcon.colcon_core.package_identification:_identify(grasp_test_files/convexModel/armar/left_arm) by extensions ['colcon_meta']
[0.152s] Level 1:colcon.colcon_core.package_identification:_identify(grasp_test_files/convexModel/armar/left_arm) by extension 'colcon_meta'
[0.152s] Level 1:colcon.colcon_core.package_identification:_identify(grasp_test_files/convexModel/armar/left_arm) by extensions ['ros']
[0.152s] Level 1:colcon.colcon_core.package_identification:_identify(grasp_test_files/convexModel/armar/left_arm) by extension 'ros'
[0.152s] Level 1:colcon.colcon_core.package_identification:_identify(grasp_test_files/convexModel/armar/left_arm) by extensions ['cmake', 'python']
[0.152s] Level 1:colcon.colcon_core.package_identification:_identify(grasp_test_files/convexModel/armar/left_arm) by extension 'cmake'
[0.152s] Level 1:colcon.colcon_core.package_identification:_identify(grasp_test_files/convexModel/armar/left_arm) by extension 'python'
[0.152s] Level 1:colcon.colcon_core.package_identification:_identify(grasp_test_files/convexModel/armar/left_arm) by extensions ['python_setup_py']
[0.152s] Level 1:colcon.colcon_core.package_identification:_identify(grasp_test_files/convexModel/armar/left_arm) by extension 'python_setup_py'
[0.152s] Level 1:colcon.colcon_core.package_identification:_identify(grasp_test_files/convexModel/armar/neck) by extensions ['ignore', 'ignore_ament_install']
[0.152s] Level 1:colcon.colcon_core.package_identification:_identify(grasp_test_files/convexModel/armar/neck) by extension 'ignore'
[0.152s] Level 1:colcon.colcon_core.package_identification:_identify(grasp_test_files/convexModel/armar/neck) by extension 'ignore_ament_install'
[0.152s] Level 1:colcon.colcon_core.package_identification:_identify(grasp_test_files/convexModel/armar/neck) by extensions ['colcon_pkg']
[0.152s] Level 1:colcon.colcon_core.package_identification:_identify(grasp_test_files/convexModel/armar/neck) by extension 'colcon_pkg'
[0.152s] Level 1:colcon.colcon_core.package_identification:_identify(grasp_test_files/convexModel/armar/neck) by extensions ['colcon_meta']
[0.152s] Level 1:colcon.colcon_core.package_identification:_identify(grasp_test_files/convexModel/armar/neck) by extension 'colcon_meta'
[0.152s] Level 1:colcon.colcon_core.package_identification:_identify(grasp_test_files/convexModel/armar/neck) by extensions ['ros']
[0.152s] Level 1:colcon.colcon_core.package_identification:_identify(grasp_test_files/convexModel/armar/neck) by extension 'ros'
[0.152s] Level 1:colcon.colcon_core.package_identification:_identify(grasp_test_files/convexModel/armar/neck) by extensions ['cmake', 'python']
[0.152s] Level 1:colcon.colcon_core.package_identification:_identify(grasp_test_files/convexModel/armar/neck) by extension 'cmake'
[0.152s] Level 1:colcon.colcon_core.package_identification:_identify(grasp_test_files/convexModel/armar/neck) by extension 'python'
[0.152s] Level 1:colcon.colcon_core.package_identification:_identify(grasp_test_files/convexModel/armar/neck) by extensions ['python_setup_py']
[0.152s] Level 1:colcon.colcon_core.package_identification:_identify(grasp_test_files/convexModel/armar/neck) by extension 'python_setup_py'
[0.153s] Level 1:colcon.colcon_core.package_identification:_identify(grasp_test_files/convexModel/armar/platform) by extensions ['ignore', 'ignore_ament_install']
[0.153s] Level 1:colcon.colcon_core.package_identification:_identify(grasp_test_files/convexModel/armar/platform) by extension 'ignore'
[0.153s] Level 1:colcon.colcon_core.package_identification:_identify(grasp_test_files/convexModel/armar/platform) by extension 'ignore_ament_install'
[0.153s] Level 1:colcon.colcon_core.package_identification:_identify(grasp_test_files/convexModel/armar/platform) by extensions ['colcon_pkg']
[0.153s] Level 1:colcon.colcon_core.package_identification:_identify(grasp_test_files/convexModel/armar/platform) by extension 'colcon_pkg'
[0.153s] Level 1:colcon.colcon_core.package_identification:_identify(grasp_test_files/convexModel/armar/platform) by extensions ['colcon_meta']
[0.153s] Level 1:colcon.colcon_core.package_identification:_identify(grasp_test_files/convexModel/armar/platform) by extension 'colcon_meta'
[0.153s] Level 1:colcon.colcon_core.package_identification:_identify(grasp_test_files/convexModel/armar/platform) by extensions ['ros']
[0.153s] Level 1:colcon.colcon_core.package_identification:_identify(grasp_test_files/convexModel/armar/platform) by extension 'ros'
[0.153s] Level 1:colcon.colcon_core.package_identification:_identify(grasp_test_files/convexModel/armar/platform) by extensions ['cmake', 'python']
[0.153s] Level 1:colcon.colcon_core.package_identification:_identify(grasp_test_files/convexModel/armar/platform) by extension 'cmake'
[0.153s] Level 1:colcon.colcon_core.package_identification:_identify(grasp_test_files/convexModel/armar/platform) by extension 'python'
[0.153s] Level 1:colcon.colcon_core.package_identification:_identify(grasp_test_files/convexModel/armar/platform) by extensions ['python_setup_py']
[0.153s] Level 1:colcon.colcon_core.package_identification:_identify(grasp_test_files/convexModel/armar/platform) by extension 'python_setup_py'
[0.153s] Level 1:colcon.colcon_core.package_identification:_identify(grasp_test_files/convexModel/armar/right_arm) by extensions ['ignore', 'ignore_ament_install']
[0.153s] Level 1:colcon.colcon_core.package_identification:_identify(grasp_test_files/convexModel/armar/right_arm) by extension 'ignore'
[0.153s] Level 1:colcon.colcon_core.package_identification:_identify(grasp_test_files/convexModel/armar/right_arm) by extension 'ignore_ament_install'
[0.153s] Level 1:colcon.colcon_core.package_identification:_identify(grasp_test_files/convexModel/armar/right_arm) by extensions ['colcon_pkg']
[0.153s] Level 1:colcon.colcon_core.package_identification:_identify(grasp_test_files/convexModel/armar/right_arm) by extension 'colcon_pkg'
[0.153s] Level 1:colcon.colcon_core.package_identification:_identify(grasp_test_files/convexModel/armar/right_arm) by extensions ['colcon_meta']
[0.153s] Level 1:colcon.colcon_core.package_identification:_identify(grasp_test_files/convexModel/armar/right_arm) by extension 'colcon_meta'
[0.153s] Level 1:colcon.colcon_core.package_identification:_identify(grasp_test_files/convexModel/armar/right_arm) by extensions ['ros']
[0.153s] Level 1:colcon.colcon_core.package_identification:_identify(grasp_test_files/convexModel/armar/right_arm) by extension 'ros'
[0.153s] Level 1:colcon.colcon_core.package_identification:_identify(grasp_test_files/convexModel/armar/right_arm) by extensions ['cmake', 'python']
[0.153s] Level 1:colcon.colcon_core.package_identification:_identify(grasp_test_files/convexModel/armar/right_arm) by extension 'cmake'
[0.153s] Level 1:colcon.colcon_core.package_identification:_identify(grasp_test_files/convexModel/armar/right_arm) by extension 'python'
[0.153s] Level 1:colcon.colcon_core.package_identification:_identify(grasp_test_files/convexModel/armar/right_arm) by extensions ['python_setup_py']
[0.153s] Level 1:colcon.colcon_core.package_identification:_identify(grasp_test_files/convexModel/armar/right_arm) by extension 'python_setup_py'
[0.153s] Level 1:colcon.colcon_core.package_identification:_identify(grasp_test_files/convexModel/armar/torso) by extensions ['ignore', 'ignore_ament_install']
[0.153s] Level 1:colcon.colcon_core.package_identification:_identify(grasp_test_files/convexModel/armar/torso) by extension 'ignore'
[0.153s] Level 1:colcon.colcon_core.package_identification:_identify(grasp_test_files/convexModel/armar/torso) by extension 'ignore_ament_install'
[0.153s] Level 1:colcon.colcon_core.package_identification:_identify(grasp_test_files/convexModel/armar/torso) by extensions ['colcon_pkg']
[0.153s] Level 1:colcon.colcon_core.package_identification:_identify(grasp_test_files/convexModel/armar/torso) by extension 'colcon_pkg'
[0.154s] Level 1:colcon.colcon_core.package_identification:_identify(grasp_test_files/convexModel/armar/torso) by extensions ['colcon_meta']
[0.154s] Level 1:colcon.colcon_core.package_identification:_identify(grasp_test_files/convexModel/armar/torso) by extension 'colcon_meta'
[0.154s] Level 1:colcon.colcon_core.package_identification:_identify(grasp_test_files/convexModel/armar/torso) by extensions ['ros']
[0.154s] Level 1:colcon.colcon_core.package_identification:_identify(grasp_test_files/convexModel/armar/torso) by extension 'ros'
[0.154s] Level 1:colcon.colcon_core.package_identification:_identify(grasp_test_files/convexModel/armar/torso) by extensions ['cmake', 'python']
[0.154s] Level 1:colcon.colcon_core.package_identification:_identify(grasp_test_files/convexModel/armar/torso) by extension 'cmake'
[0.154s] Level 1:colcon.colcon_core.package_identification:_identify(grasp_test_files/convexModel/armar/torso) by extension 'python'
[0.154s] Level 1:colcon.colcon_core.package_identification:_identify(grasp_test_files/convexModel/armar/torso) by extensions ['python_setup_py']
[0.154s] Level 1:colcon.colcon_core.package_identification:_identify(grasp_test_files/convexModel/armar/torso) by extension 'python_setup_py'
[0.154s] Level 1:colcon.colcon_core.package_identification:_identify(grasp_test_files/fullmodel) by extensions ['ignore', 'ignore_ament_install']
[0.154s] Level 1:colcon.colcon_core.package_identification:_identify(grasp_test_files/fullmodel) by extension 'ignore'
[0.154s] Level 1:colcon.colcon_core.package_identification:_identify(grasp_test_files/fullmodel) by extension 'ignore_ament_install'
[0.154s] Level 1:colcon.colcon_core.package_identification:_identify(grasp_test_files/fullmodel) by extensions ['colcon_pkg']
[0.154s] Level 1:colcon.colcon_core.package_identification:_identify(grasp_test_files/fullmodel) by extension 'colcon_pkg'
[0.154s] Level 1:colcon.colcon_core.package_identification:_identify(grasp_test_files/fullmodel) by extensions ['colcon_meta']
[0.154s] Level 1:colcon.colcon_core.package_identification:_identify(grasp_test_files/fullmodel) by extension 'colcon_meta'
[0.154s] Level 1:colcon.colcon_core.package_identification:_identify(grasp_test_files/fullmodel) by extensions ['ros']
[0.154s] Level 1:colcon.colcon_core.package_identification:_identify(grasp_test_files/fullmodel) by extension 'ros'
[0.154s] Level 1:colcon.colcon_core.package_identification:_identify(grasp_test_files/fullmodel) by extensions ['cmake', 'python']
[0.154s] Level 1:colcon.colcon_core.package_identification:_identify(grasp_test_files/fullmodel) by extension 'cmake'
[0.154s] Level 1:colcon.colcon_core.package_identification:_identify(grasp_test_files/fullmodel) by extension 'python'
[0.154s] Level 1:colcon.colcon_core.package_identification:_identify(grasp_test_files/fullmodel) by extensions ['python_setup_py']
[0.154s] Level 1:colcon.colcon_core.package_identification:_identify(grasp_test_files/fullmodel) by extension 'python_setup_py'
[0.154s] Level 1:colcon.colcon_core.package_identification:_identify(grasp_test_files/fullmodel/armar) by extensions ['ignore', 'ignore_ament_install']
[0.154s] Level 1:colcon.colcon_core.package_identification:_identify(grasp_test_files/fullmodel/armar) by extension 'ignore'
[0.154s] Level 1:colcon.colcon_core.package_identification:_identify(grasp_test_files/fullmodel/armar) by extension 'ignore_ament_install'
[0.154s] Level 1:colcon.colcon_core.package_identification:_identify(grasp_test_files/fullmodel/armar) by extensions ['colcon_pkg']
[0.154s] Level 1:colcon.colcon_core.package_identification:_identify(grasp_test_files/fullmodel/armar) by extension 'colcon_pkg'
[0.154s] Level 1:colcon.colcon_core.package_identification:_identify(grasp_test_files/fullmodel/armar) by extensions ['colcon_meta']
[0.154s] Level 1:colcon.colcon_core.package_identification:_identify(grasp_test_files/fullmodel/armar) by extension 'colcon_meta'
[0.154s] Level 1:colcon.colcon_core.package_identification:_identify(grasp_test_files/fullmodel/armar) by extensions ['ros']
[0.154s] Level 1:colcon.colcon_core.package_identification:_identify(grasp_test_files/fullmodel/armar) by extension 'ros'
[0.154s] Level 1:colcon.colcon_core.package_identification:_identify(grasp_test_files/fullmodel/armar) by extensions ['cmake', 'python']
[0.154s] Level 1:colcon.colcon_core.package_identification:_identify(grasp_test_files/fullmodel/armar) by extension 'cmake'
[0.155s] Level 1:colcon.colcon_core.package_identification:_identify(grasp_test_files/fullmodel/armar) by extension 'python'
[0.155s] Level 1:colcon.colcon_core.package_identification:_identify(grasp_test_files/fullmodel/armar) by extensions ['python_setup_py']
[0.155s] Level 1:colcon.colcon_core.package_identification:_identify(grasp_test_files/fullmodel/armar) by extension 'python_setup_py'
[0.155s] Level 1:colcon.colcon_core.package_identification:_identify(grasp_test_files/fullmodel/armar/eyes) by extensions ['ignore', 'ignore_ament_install']
[0.155s] Level 1:colcon.colcon_core.package_identification:_identify(grasp_test_files/fullmodel/armar/eyes) by extension 'ignore'
[0.155s] Level 1:colcon.colcon_core.package_identification:_identify(grasp_test_files/fullmodel/armar/eyes) by extension 'ignore_ament_install'
[0.155s] Level 1:colcon.colcon_core.package_identification:_identify(grasp_test_files/fullmodel/armar/eyes) by extensions ['colcon_pkg']
[0.155s] Level 1:colcon.colcon_core.package_identification:_identify(grasp_test_files/fullmodel/armar/eyes) by extension 'colcon_pkg'
[0.155s] Level 1:colcon.colcon_core.package_identification:_identify(grasp_test_files/fullmodel/armar/eyes) by extensions ['colcon_meta']
[0.155s] Level 1:colcon.colcon_core.package_identification:_identify(grasp_test_files/fullmodel/armar/eyes) by extension 'colcon_meta'
[0.155s] Level 1:colcon.colcon_core.package_identification:_identify(grasp_test_files/fullmodel/armar/eyes) by extensions ['ros']
[0.155s] Level 1:colcon.colcon_core.package_identification:_identify(grasp_test_files/fullmodel/armar/eyes) by extension 'ros'
[0.155s] Level 1:colcon.colcon_core.package_identification:_identify(grasp_test_files/fullmodel/armar/eyes) by extensions ['cmake', 'python']
[0.155s] Level 1:colcon.colcon_core.package_identification:_identify(grasp_test_files/fullmodel/armar/eyes) by extension 'cmake'
[0.155s] Level 1:colcon.colcon_core.package_identification:_identify(grasp_test_files/fullmodel/armar/eyes) by extension 'python'
[0.155s] Level 1:colcon.colcon_core.package_identification:_identify(grasp_test_files/fullmodel/armar/eyes) by extensions ['python_setup_py']
[0.155s] Level 1:colcon.colcon_core.package_identification:_identify(grasp_test_files/fullmodel/armar/eyes) by extension 'python_setup_py'
[0.155s] Level 1:colcon.colcon_core.package_identification:_identify(grasp_test_files/fullmodel/armar/hands) by extensions ['ignore', 'ignore_ament_install']
[0.155s] Level 1:colcon.colcon_core.package_identification:_identify(grasp_test_files/fullmodel/armar/hands) by extension 'ignore'
[0.155s] Level 1:colcon.colcon_core.package_identification:_identify(grasp_test_files/fullmodel/armar/hands) by extension 'ignore_ament_install'
[0.155s] Level 1:colcon.colcon_core.package_identification:_identify(grasp_test_files/fullmodel/armar/hands) by extensions ['colcon_pkg']
[0.155s] Level 1:colcon.colcon_core.package_identification:_identify(grasp_test_files/fullmodel/armar/hands) by extension 'colcon_pkg'
[0.155s] Level 1:colcon.colcon_core.package_identification:_identify(grasp_test_files/fullmodel/armar/hands) by extensions ['colcon_meta']
[0.155s] Level 1:colcon.colcon_core.package_identification:_identify(grasp_test_files/fullmodel/armar/hands) by extension 'colcon_meta'
[0.155s] Level 1:colcon.colcon_core.package_identification:_identify(grasp_test_files/fullmodel/armar/hands) by extensions ['ros']
[0.155s] Level 1:colcon.colcon_core.package_identification:_identify(grasp_test_files/fullmodel/armar/hands) by extension 'ros'
[0.156s] Level 1:colcon.colcon_core.package_identification:_identify(grasp_test_files/fullmodel/armar/hands) by extensions ['cmake', 'python']
[0.156s] Level 1:colcon.colcon_core.package_identification:_identify(grasp_test_files/fullmodel/armar/hands) by extension 'cmake'
[0.156s] Level 1:colcon.colcon_core.package_identification:_identify(grasp_test_files/fullmodel/armar/hands) by extension 'python'
[0.156s] Level 1:colcon.colcon_core.package_identification:_identify(grasp_test_files/fullmodel/armar/hands) by extensions ['python_setup_py']
[0.156s] Level 1:colcon.colcon_core.package_identification:_identify(grasp_test_files/fullmodel/armar/hands) by extension 'python_setup_py'
[0.156s] Level 1:colcon.colcon_core.package_identification:_identify(grasp_test_files/fullmodel/armar/head) by extensions ['ignore', 'ignore_ament_install']
[0.156s] Level 1:colcon.colcon_core.package_identification:_identify(grasp_test_files/fullmodel/armar/head) by extension 'ignore'
[0.156s] Level 1:colcon.colcon_core.package_identification:_identify(grasp_test_files/fullmodel/armar/head) by extension 'ignore_ament_install'
[0.156s] Level 1:colcon.colcon_core.package_identification:_identify(grasp_test_files/fullmodel/armar/head) by extensions ['colcon_pkg']
[0.156s] Level 1:colcon.colcon_core.package_identification:_identify(grasp_test_files/fullmodel/armar/head) by extension 'colcon_pkg'
[0.156s] Level 1:colcon.colcon_core.package_identification:_identify(grasp_test_files/fullmodel/armar/head) by extensions ['colcon_meta']
[0.156s] Level 1:colcon.colcon_core.package_identification:_identify(grasp_test_files/fullmodel/armar/head) by extension 'colcon_meta'
[0.156s] Level 1:colcon.colcon_core.package_identification:_identify(grasp_test_files/fullmodel/armar/head) by extensions ['ros']
[0.156s] Level 1:colcon.colcon_core.package_identification:_identify(grasp_test_files/fullmodel/armar/head) by extension 'ros'
[0.156s] Level 1:colcon.colcon_core.package_identification:_identify(grasp_test_files/fullmodel/armar/head) by extensions ['cmake', 'python']
[0.156s] Level 1:colcon.colcon_core.package_identification:_identify(grasp_test_files/fullmodel/armar/head) by extension 'cmake'
[0.156s] Level 1:colcon.colcon_core.package_identification:_identify(grasp_test_files/fullmodel/armar/head) by extension 'python'
[0.156s] Level 1:colcon.colcon_core.package_identification:_identify(grasp_test_files/fullmodel/armar/head) by extensions ['python_setup_py']
[0.156s] Level 1:colcon.colcon_core.package_identification:_identify(grasp_test_files/fullmodel/armar/head) by extension 'python_setup_py'
[0.156s] Level 1:colcon.colcon_core.package_identification:_identify(grasp_test_files/fullmodel/armar/left_arm) by extensions ['ignore', 'ignore_ament_install']
[0.156s] Level 1:colcon.colcon_core.package_identification:_identify(grasp_test_files/fullmodel/armar/left_arm) by extension 'ignore'
[0.156s] Level 1:colcon.colcon_core.package_identification:_identify(grasp_test_files/fullmodel/armar/left_arm) by extension 'ignore_ament_install'
[0.156s] Level 1:colcon.colcon_core.package_identification:_identify(grasp_test_files/fullmodel/armar/left_arm) by extensions ['colcon_pkg']
[0.156s] Level 1:colcon.colcon_core.package_identification:_identify(grasp_test_files/fullmodel/armar/left_arm) by extension 'colcon_pkg'
[0.156s] Level 1:colcon.colcon_core.package_identification:_identify(grasp_test_files/fullmodel/armar/left_arm) by extensions ['colcon_meta']
[0.156s] Level 1:colcon.colcon_core.package_identification:_identify(grasp_test_files/fullmodel/armar/left_arm) by extension 'colcon_meta'
[0.156s] Level 1:colcon.colcon_core.package_identification:_identify(grasp_test_files/fullmodel/armar/left_arm) by extensions ['ros']
[0.156s] Level 1:colcon.colcon_core.package_identification:_identify(grasp_test_files/fullmodel/armar/left_arm) by extension 'ros'
[0.156s] Level 1:colcon.colcon_core.package_identification:_identify(grasp_test_files/fullmodel/armar/left_arm) by extensions ['cmake', 'python']
[0.156s] Level 1:colcon.colcon_core.package_identification:_identify(grasp_test_files/fullmodel/armar/left_arm) by extension 'cmake'
[0.156s] Level 1:colcon.colcon_core.package_identification:_identify(grasp_test_files/fullmodel/armar/left_arm) by extension 'python'
[0.156s] Level 1:colcon.colcon_core.package_identification:_identify(grasp_test_files/fullmodel/armar/left_arm) by extensions ['python_setup_py']
[0.156s] Level 1:colcon.colcon_core.package_identification:_identify(grasp_test_files/fullmodel/armar/left_arm) by extension 'python_setup_py'
[0.156s] Level 1:colcon.colcon_core.package_identification:_identify(grasp_test_files/fullmodel/armar/neck) by extensions ['ignore', 'ignore_ament_install']
[0.157s] Level 1:colcon.colcon_core.package_identification:_identify(grasp_test_files/fullmodel/armar/neck) by extension 'ignore'
[0.157s] Level 1:colcon.colcon_core.package_identification:_identify(grasp_test_files/fullmodel/armar/neck) by extension 'ignore_ament_install'
[0.157s] Level 1:colcon.colcon_core.package_identification:_identify(grasp_test_files/fullmodel/armar/neck) by extensions ['colcon_pkg']
[0.157s] Level 1:colcon.colcon_core.package_identification:_identify(grasp_test_files/fullmodel/armar/neck) by extension 'colcon_pkg'
[0.157s] Level 1:colcon.colcon_core.package_identification:_identify(grasp_test_files/fullmodel/armar/neck) by extensions ['colcon_meta']
[0.157s] Level 1:colcon.colcon_core.package_identification:_identify(grasp_test_files/fullmodel/armar/neck) by extension 'colcon_meta'
[0.157s] Level 1:colcon.colcon_core.package_identification:_identify(grasp_test_files/fullmodel/armar/neck) by extensions ['ros']
[0.157s] Level 1:colcon.colcon_core.package_identification:_identify(grasp_test_files/fullmodel/armar/neck) by extension 'ros'
[0.157s] Level 1:colcon.colcon_core.package_identification:_identify(grasp_test_files/fullmodel/armar/neck) by extensions ['cmake', 'python']
[0.157s] Level 1:colcon.colcon_core.package_identification:_identify(grasp_test_files/fullmodel/armar/neck) by extension 'cmake'
[0.157s] Level 1:colcon.colcon_core.package_identification:_identify(grasp_test_files/fullmodel/armar/neck) by extension 'python'
[0.157s] Level 1:colcon.colcon_core.package_identification:_identify(grasp_test_files/fullmodel/armar/neck) by extensions ['python_setup_py']
[0.157s] Level 1:colcon.colcon_core.package_identification:_identify(grasp_test_files/fullmodel/armar/neck) by extension 'python_setup_py'
[0.157s] Level 1:colcon.colcon_core.package_identification:_identify(grasp_test_files/fullmodel/armar/platform) by extensions ['ignore', 'ignore_ament_install']
[0.157s] Level 1:colcon.colcon_core.package_identification:_identify(grasp_test_files/fullmodel/armar/platform) by extension 'ignore'
[0.157s] Level 1:colcon.colcon_core.package_identification:_identify(grasp_test_files/fullmodel/armar/platform) by extension 'ignore_ament_install'
[0.157s] Level 1:colcon.colcon_core.package_identification:_identify(grasp_test_files/fullmodel/armar/platform) by extensions ['colcon_pkg']
[0.157s] Level 1:colcon.colcon_core.package_identification:_identify(grasp_test_files/fullmodel/armar/platform) by extension 'colcon_pkg'
[0.157s] Level 1:colcon.colcon_core.package_identification:_identify(grasp_test_files/fullmodel/armar/platform) by extensions ['colcon_meta']
[0.157s] Level 1:colcon.colcon_core.package_identification:_identify(grasp_test_files/fullmodel/armar/platform) by extension 'colcon_meta'
[0.157s] Level 1:colcon.colcon_core.package_identification:_identify(grasp_test_files/fullmodel/armar/platform) by extensions ['ros']
[0.157s] Level 1:colcon.colcon_core.package_identification:_identify(grasp_test_files/fullmodel/armar/platform) by extension 'ros'
[0.157s] Level 1:colcon.colcon_core.package_identification:_identify(grasp_test_files/fullmodel/armar/platform) by extensions ['cmake', 'python']
[0.157s] Level 1:colcon.colcon_core.package_identification:_identify(grasp_test_files/fullmodel/armar/platform) by extension 'cmake'
[0.157s] Level 1:colcon.colcon_core.package_identification:_identify(grasp_test_files/fullmodel/armar/platform) by extension 'python'
[0.157s] Level 1:colcon.colcon_core.package_identification:_identify(grasp_test_files/fullmodel/armar/platform) by extensions ['python_setup_py']
[0.157s] Level 1:colcon.colcon_core.package_identification:_identify(grasp_test_files/fullmodel/armar/platform) by extension 'python_setup_py'
[0.157s] Level 1:colcon.colcon_core.package_identification:_identify(grasp_test_files/fullmodel/armar/right_arm) by extensions ['ignore', 'ignore_ament_install']
[0.157s] Level 1:colcon.colcon_core.package_identification:_identify(grasp_test_files/fullmodel/armar/right_arm) by extension 'ignore'
[0.157s] Level 1:colcon.colcon_core.package_identification:_identify(grasp_test_files/fullmodel/armar/right_arm) by extension 'ignore_ament_install'
[0.157s] Level 1:colcon.colcon_core.package_identification:_identify(grasp_test_files/fullmodel/armar/right_arm) by extensions ['colcon_pkg']
[0.157s] Level 1:colcon.colcon_core.package_identification:_identify(grasp_test_files/fullmodel/armar/right_arm) by extension 'colcon_pkg'
[0.157s] Level 1:colcon.colcon_core.package_identification:_identify(grasp_test_files/fullmodel/armar/right_arm) by extensions ['colcon_meta']
[0.157s] Level 1:colcon.colcon_core.package_identification:_identify(grasp_test_files/fullmodel/armar/right_arm) by extension 'colcon_meta'
[0.157s] Level 1:colcon.colcon_core.package_identification:_identify(grasp_test_files/fullmodel/armar/right_arm) by extensions ['ros']
[0.157s] Level 1:colcon.colcon_core.package_identification:_identify(grasp_test_files/fullmodel/armar/right_arm) by extension 'ros'
[0.157s] Level 1:colcon.colcon_core.package_identification:_identify(grasp_test_files/fullmodel/armar/right_arm) by extensions ['cmake', 'python']
[0.157s] Level 1:colcon.colcon_core.package_identification:_identify(grasp_test_files/fullmodel/armar/right_arm) by extension 'cmake'
[0.158s] Level 1:colcon.colcon_core.package_identification:_identify(grasp_test_files/fullmodel/armar/right_arm) by extension 'python'
[0.158s] Level 1:colcon.colcon_core.package_identification:_identify(grasp_test_files/fullmodel/armar/right_arm) by extensions ['python_setup_py']
[0.158s] Level 1:colcon.colcon_core.package_identification:_identify(grasp_test_files/fullmodel/armar/right_arm) by extension 'python_setup_py'
[0.158s] Level 1:colcon.colcon_core.package_identification:_identify(grasp_test_files/fullmodel/armar/torso) by extensions ['ignore', 'ignore_ament_install']
[0.158s] Level 1:colcon.colcon_core.package_identification:_identify(grasp_test_files/fullmodel/armar/torso) by extension 'ignore'
[0.158s] Level 1:colcon.colcon_core.package_identification:_identify(grasp_test_files/fullmodel/armar/torso) by extension 'ignore_ament_install'
[0.158s] Level 1:colcon.colcon_core.package_identification:_identify(grasp_test_files/fullmodel/armar/torso) by extensions ['colcon_pkg']
[0.158s] Level 1:colcon.colcon_core.package_identification:_identify(grasp_test_files/fullmodel/armar/torso) by extension 'colcon_pkg'
[0.158s] Level 1:colcon.colcon_core.package_identification:_identify(grasp_test_files/fullmodel/armar/torso) by extensions ['colcon_meta']
[0.158s] Level 1:colcon.colcon_core.package_identification:_identify(grasp_test_files/fullmodel/armar/torso) by extension 'colcon_meta'
[0.158s] Level 1:colcon.colcon_core.package_identification:_identify(grasp_test_files/fullmodel/armar/torso) by extensions ['ros']
[0.158s] Level 1:colcon.colcon_core.package_identification:_identify(grasp_test_files/fullmodel/armar/torso) by extension 'ros'
[0.158s] Level 1:colcon.colcon_core.package_identification:_identify(grasp_test_files/fullmodel/armar/torso) by extensions ['cmake', 'python']
[0.158s] Level 1:colcon.colcon_core.package_identification:_identify(grasp_test_files/fullmodel/armar/torso) by extension 'cmake'
[0.158s] Level 1:colcon.colcon_core.package_identification:_identify(grasp_test_files/fullmodel/armar/torso) by extension 'python'
[0.158s] Level 1:colcon.colcon_core.package_identification:_identify(grasp_test_files/fullmodel/armar/torso) by extensions ['python_setup_py']
[0.158s] Level 1:colcon.colcon_core.package_identification:_identify(grasp_test_files/fullmodel/armar/torso) by extension 'python_setup_py'
[0.158s] Level 1:colcon.colcon_core.package_identification:_identify(grasp_test_files/iv) by extensions ['ignore', 'ignore_ament_install']
[0.158s] Level 1:colcon.colcon_core.package_identification:_identify(grasp_test_files/iv) by extension 'ignore'
[0.158s] Level 1:colcon.colcon_core.package_identification:_identify(grasp_test_files/iv) by extension 'ignore_ament_install'
[0.158s] Level 1:colcon.colcon_core.package_identification:_identify(grasp_test_files/iv) by extensions ['colcon_pkg']
[0.158s] Level 1:colcon.colcon_core.package_identification:_identify(grasp_test_files/iv) by extension 'colcon_pkg'
[0.158s] Level 1:colcon.colcon_core.package_identification:_identify(grasp_test_files/iv) by extensions ['colcon_meta']
[0.158s] Level 1:colcon.colcon_core.package_identification:_identify(grasp_test_files/iv) by extension 'colcon_meta'
[0.158s] Level 1:colcon.colcon_core.package_identification:_identify(grasp_test_files/iv) by extensions ['ros']
[0.158s] Level 1:colcon.colcon_core.package_identification:_identify(grasp_test_files/iv) by extension 'ros'
[0.158s] Level 1:colcon.colcon_core.package_identification:_identify(grasp_test_files/iv) by extensions ['cmake', 'python']
[0.158s] Level 1:colcon.colcon_core.package_identification:_identify(grasp_test_files/iv) by extension 'cmake'
[0.158s] Level 1:colcon.colcon_core.package_identification:_identify(grasp_test_files/iv) by extension 'python'
[0.158s] Level 1:colcon.colcon_core.package_identification:_identify(grasp_test_files/iv) by extensions ['python_setup_py']
[0.158s] Level 1:colcon.colcon_core.package_identification:_identify(grasp_test_files/iv) by extension 'python_setup_py'
[0.158s] Level 1:colcon.colcon_core.package_identification:_identify(grasp_test_files/objects) by extensions ['ignore', 'ignore_ament_install']
[0.158s] Level 1:colcon.colcon_core.package_identification:_identify(grasp_test_files/objects) by extension 'ignore'
[0.158s] Level 1:colcon.colcon_core.package_identification:_identify(grasp_test_files/objects) by extension 'ignore_ament_install'
[0.158s] Level 1:colcon.colcon_core.package_identification:_identify(grasp_test_files/objects) by extensions ['colcon_pkg']
[0.158s] Level 1:colcon.colcon_core.package_identification:_identify(grasp_test_files/objects) by extension 'colcon_pkg'
[0.158s] Level 1:colcon.colcon_core.package_identification:_identify(grasp_test_files/objects) by extensions ['colcon_meta']
[0.158s] Level 1:colcon.colcon_core.package_identification:_identify(grasp_test_files/objects) by extension 'colcon_meta'
[0.158s] Level 1:colcon.colcon_core.package_identification:_identify(grasp_test_files/objects) by extensions ['ros']
[0.159s] Level 1:colcon.colcon_core.package_identification:_identify(grasp_test_files/objects) by extension 'ros'
[0.159s] Level 1:colcon.colcon_core.package_identification:_identify(grasp_test_files/objects) by extensions ['cmake', 'python']
[0.159s] Level 1:colcon.colcon_core.package_identification:_identify(grasp_test_files/objects) by extension 'cmake'
[0.159s] Level 1:colcon.colcon_core.package_identification:_identify(grasp_test_files/objects) by extension 'python'
[0.159s] Level 1:colcon.colcon_core.package_identification:_identify(grasp_test_files/objects) by extensions ['python_setup_py']
[0.159s] Level 1:colcon.colcon_core.package_identification:_identify(grasp_test_files/objects) by extension 'python_setup_py'
[0.159s] Level 1:colcon.colcon_core.package_identification:_identify(grasp_test_files/objects/ArmarIII) by extensions ['ignore', 'ignore_ament_install']
[0.159s] Level 1:colcon.colcon_core.package_identification:_identify(grasp_test_files/objects/ArmarIII) by extension 'ignore'
[0.159s] Level 1:colcon.colcon_core.package_identification:_identify(grasp_test_files/objects/ArmarIII) by extension 'ignore_ament_install'
[0.159s] Level 1:colcon.colcon_core.package_identification:_identify(grasp_test_files/objects/ArmarIII) by extensions ['colcon_pkg']
[0.159s] Level 1:colcon.colcon_core.package_identification:_identify(grasp_test_files/objects/ArmarIII) by extension 'colcon_pkg'
[0.159s] Level 1:colcon.colcon_core.package_identification:_identify(grasp_test_files/objects/ArmarIII) by extensions ['colcon_meta']
[0.159s] Level 1:colcon.colcon_core.package_identification:_identify(grasp_test_files/objects/ArmarIII) by extension 'colcon_meta'
[0.159s] Level 1:colcon.colcon_core.package_identification:_identify(grasp_test_files/objects/ArmarIII) by extensions ['ros']
[0.159s] Level 1:colcon.colcon_core.package_identification:_identify(grasp_test_files/objects/ArmarIII) by extension 'ros'
[0.159s] Level 1:colcon.colcon_core.package_identification:_identify(grasp_test_files/objects/ArmarIII) by extensions ['cmake', 'python']
[0.159s] Level 1:colcon.colcon_core.package_identification:_identify(grasp_test_files/objects/ArmarIII) by extension 'cmake'
[0.159s] Level 1:colcon.colcon_core.package_identification:_identify(grasp_test_files/objects/ArmarIII) by extension 'python'
[0.159s] Level 1:colcon.colcon_core.package_identification:_identify(grasp_test_files/objects/ArmarIII) by extensions ['python_setup_py']
[0.159s] Level 1:colcon.colcon_core.package_identification:_identify(grasp_test_files/objects/ArmarIII) by extension 'python_setup_py'
[0.159s] Level 1:colcon.colcon_core.package_identification:_identify(grasp_test_files/objects/iCub) by extensions ['ignore', 'ignore_ament_install']
[0.159s] Level 1:colcon.colcon_core.package_identification:_identify(grasp_test_files/objects/iCub) by extension 'ignore'
[0.159s] Level 1:colcon.colcon_core.package_identification:_identify(grasp_test_files/objects/iCub) by extension 'ignore_ament_install'
[0.159s] Level 1:colcon.colcon_core.package_identification:_identify(grasp_test_files/objects/iCub) by extensions ['colcon_pkg']
[0.159s] Level 1:colcon.colcon_core.package_identification:_identify(grasp_test_files/objects/iCub) by extension 'colcon_pkg'
[0.159s] Level 1:colcon.colcon_core.package_identification:_identify(grasp_test_files/objects/iCub) by extensions ['colcon_meta']
[0.159s] Level 1:colcon.colcon_core.package_identification:_identify(grasp_test_files/objects/iCub) by extension 'colcon_meta'
[0.159s] Level 1:colcon.colcon_core.package_identification:_identify(grasp_test_files/objects/iCub) by extensions ['ros']
[0.159s] Level 1:colcon.colcon_core.package_identification:_identify(grasp_test_files/objects/iCub) by extension 'ros'
[0.160s] Level 1:colcon.colcon_core.package_identification:_identify(grasp_test_files/objects/iCub) by extensions ['cmake', 'python']
[0.160s] Level 1:colcon.colcon_core.package_identification:_identify(grasp_test_files/objects/iCub) by extension 'cmake'
[0.160s] Level 1:colcon.colcon_core.package_identification:_identify(grasp_test_files/objects/iCub) by extension 'python'
[0.160s] Level 1:colcon.colcon_core.package_identification:_identify(grasp_test_files/objects/iCub) by extensions ['python_setup_py']
[0.160s] Level 1:colcon.colcon_core.package_identification:_identify(grasp_test_files/objects/iCub) by extension 'python_setup_py'
[0.160s] Level 1:colcon.colcon_core.package_identification:_identify(grasp_test_files/objects/iv) by extensions ['ignore', 'ignore_ament_install']
[0.160s] Level 1:colcon.colcon_core.package_identification:_identify(grasp_test_files/objects/iv) by extension 'ignore'
[0.160s] Level 1:colcon.colcon_core.package_identification:_identify(grasp_test_files/objects/iv) by extension 'ignore_ament_install'
[0.160s] Level 1:colcon.colcon_core.package_identification:_identify(grasp_test_files/objects/iv) by extensions ['colcon_pkg']
[0.160s] Level 1:colcon.colcon_core.package_identification:_identify(grasp_test_files/objects/iv) by extension 'colcon_pkg'
[0.160s] Level 1:colcon.colcon_core.package_identification:_identify(grasp_test_files/objects/iv) by extensions ['colcon_meta']
[0.160s] Level 1:colcon.colcon_core.package_identification:_identify(grasp_test_files/objects/iv) by extension 'colcon_meta'
[0.160s] Level 1:colcon.colcon_core.package_identification:_identify(grasp_test_files/objects/iv) by extensions ['ros']
[0.160s] Level 1:colcon.colcon_core.package_identification:_identify(grasp_test_files/objects/iv) by extension 'ros'
[0.160s] Level 1:colcon.colcon_core.package_identification:_identify(grasp_test_files/objects/iv) by extensions ['cmake', 'python']
[0.160s] Level 1:colcon.colcon_core.package_identification:_identify(grasp_test_files/objects/iv) by extension 'cmake'
[0.160s] Level 1:colcon.colcon_core.package_identification:_identify(grasp_test_files/objects/iv) by extension 'python'
[0.160s] Level 1:colcon.colcon_core.package_identification:_identify(grasp_test_files/objects/iv) by extensions ['python_setup_py']
[0.160s] Level 1:colcon.colcon_core.package_identification:_identify(grasp_test_files/objects/iv) by extension 'python_setup_py'
[0.160s] Level 1:colcon.colcon_core.package_identification:_identify(grasp_test_files/objects/stl) by extensions ['ignore', 'ignore_ament_install']
[0.160s] Level 1:colcon.colcon_core.package_identification:_identify(grasp_test_files/objects/stl) by extension 'ignore'
[0.160s] Level 1:colcon.colcon_core.package_identification:_identify(grasp_test_files/objects/stl) by extension 'ignore_ament_install'
[0.160s] Level 1:colcon.colcon_core.package_identification:_identify(grasp_test_files/objects/stl) by extensions ['colcon_pkg']
[0.160s] Level 1:colcon.colcon_core.package_identification:_identify(grasp_test_files/objects/stl) by extension 'colcon_pkg'
[0.161s] Level 1:colcon.colcon_core.package_identification:_identify(grasp_test_files/objects/stl) by extensions ['colcon_meta']
[0.161s] Level 1:colcon.colcon_core.package_identification:_identify(grasp_test_files/objects/stl) by extension 'colcon_meta'
[0.161s] Level 1:colcon.colcon_core.package_identification:_identify(grasp_test_files/objects/stl) by extensions ['ros']
[0.161s] Level 1:colcon.colcon_core.package_identification:_identify(grasp_test_files/objects/stl) by extension 'ros'
[0.161s] Level 1:colcon.colcon_core.package_identification:_identify(grasp_test_files/objects/stl) by extensions ['cmake', 'python']
[0.161s] Level 1:colcon.colcon_core.package_identification:_identify(grasp_test_files/objects/stl) by extension 'cmake'
[0.161s] Level 1:colcon.colcon_core.package_identification:_identify(grasp_test_files/objects/stl) by extension 'python'
[0.161s] Level 1:colcon.colcon_core.package_identification:_identify(grasp_test_files/objects/stl) by extensions ['python_setup_py']
[0.161s] Level 1:colcon.colcon_core.package_identification:_identify(grasp_test_files/objects/stl) by extension 'python_setup_py'
[0.161s] Level 1:colcon.colcon_core.package_identification:_identify(grasp_test_files/objects/tests) by extensions ['ignore', 'ignore_ament_install']
[0.161s] Level 1:colcon.colcon_core.package_identification:_identify(grasp_test_files/objects/tests) by extension 'ignore'
[0.161s] Level 1:colcon.colcon_core.package_identification:_identify(grasp_test_files/objects/tests) by extension 'ignore_ament_install'
[0.161s] Level 1:colcon.colcon_core.package_identification:_identify(grasp_test_files/objects/tests) by extensions ['colcon_pkg']
[0.161s] Level 1:colcon.colcon_core.package_identification:_identify(grasp_test_files/objects/tests) by extension 'colcon_pkg'
[0.161s] Level 1:colcon.colcon_core.package_identification:_identify(grasp_test_files/objects/tests) by extensions ['colcon_meta']
[0.161s] Level 1:colcon.colcon_core.package_identification:_identify(grasp_test_files/objects/tests) by extension 'colcon_meta'
[0.161s] Level 1:colcon.colcon_core.package_identification:_identify(grasp_test_files/objects/tests) by extensions ['ros']
[0.161s] Level 1:colcon.colcon_core.package_identification:_identify(grasp_test_files/objects/tests) by extension 'ros'
[0.161s] Level 1:colcon.colcon_core.package_identification:_identify(grasp_test_files/objects/tests) by extensions ['cmake', 'python']
[0.161s] Level 1:colcon.colcon_core.package_identification:_identify(grasp_test_files/objects/tests) by extension 'cmake'
[0.161s] Level 1:colcon.colcon_core.package_identification:_identify(grasp_test_files/objects/tests) by extension 'python'
[0.161s] Level 1:colcon.colcon_core.package_identification:_identify(grasp_test_files/objects/tests) by extensions ['python_setup_py']
[0.161s] Level 1:colcon.colcon_core.package_identification:_identify(grasp_test_files/objects/tests) by extension 'python_setup_py'
[0.161s] Level 1:colcon.colcon_core.package_identification:_identify(grasp_test_files/robots) by extensions ['ignore', 'ignore_ament_install']
[0.161s] Level 1:colcon.colcon_core.package_identification:_identify(grasp_test_files/robots) by extension 'ignore'
[0.161s] Level 1:colcon.colcon_core.package_identification:_identify(grasp_test_files/robots) by extension 'ignore_ament_install'
[0.161s] Level 1:colcon.colcon_core.package_identification:_identify(grasp_test_files/robots) by extensions ['colcon_pkg']
[0.161s] Level 1:colcon.colcon_core.package_identification:_identify(grasp_test_files/robots) by extension 'colcon_pkg'
[0.161s] Level 1:colcon.colcon_core.package_identification:_identify(grasp_test_files/robots) by extensions ['colcon_meta']
[0.161s] Level 1:colcon.colcon_core.package_identification:_identify(grasp_test_files/robots) by extension 'colcon_meta'
[0.161s] Level 1:colcon.colcon_core.package_identification:_identify(grasp_test_files/robots) by extensions ['ros']
[0.161s] Level 1:colcon.colcon_core.package_identification:_identify(grasp_test_files/robots) by extension 'ros'
[0.161s] Level 1:colcon.colcon_core.package_identification:_identify(grasp_test_files/robots) by extensions ['cmake', 'python']
[0.161s] Level 1:colcon.colcon_core.package_identification:_identify(grasp_test_files/robots) by extension 'cmake'
[0.161s] Level 1:colcon.colcon_core.package_identification:_identify(grasp_test_files/robots) by extension 'python'
[0.161s] Level 1:colcon.colcon_core.package_identification:_identify(grasp_test_files/robots) by extensions ['python_setup_py']
[0.162s] Level 1:colcon.colcon_core.package_identification:_identify(grasp_test_files/robots) by extension 'python_setup_py'
[0.162s] Level 1:colcon.colcon_core.package_identification:_identify(grasp_test_files/robots/ArmarIII) by extensions ['ignore', 'ignore_ament_install']
[0.162s] Level 1:colcon.colcon_core.package_identification:_identify(grasp_test_files/robots/ArmarIII) by extension 'ignore'
[0.162s] Level 1:colcon.colcon_core.package_identification:_identify(grasp_test_files/robots/ArmarIII) by extension 'ignore_ament_install'
[0.162s] Level 1:colcon.colcon_core.package_identification:_identify(grasp_test_files/robots/ArmarIII) by extensions ['colcon_pkg']
[0.162s] Level 1:colcon.colcon_core.package_identification:_identify(grasp_test_files/robots/ArmarIII) by extension 'colcon_pkg'
[0.162s] Level 1:colcon.colcon_core.package_identification:_identify(grasp_test_files/robots/ArmarIII) by extensions ['colcon_meta']
[0.162s] Level 1:colcon.colcon_core.package_identification:_identify(grasp_test_files/robots/ArmarIII) by extension 'colcon_meta'
[0.162s] Level 1:colcon.colcon_core.package_identification:_identify(grasp_test_files/robots/ArmarIII) by extensions ['ros']
[0.162s] Level 1:colcon.colcon_core.package_identification:_identify(grasp_test_files/robots/ArmarIII) by extension 'ros'
[0.162s] Level 1:colcon.colcon_core.package_identification:_identify(grasp_test_files/robots/ArmarIII) by extensions ['cmake', 'python']
[0.162s] Level 1:colcon.colcon_core.package_identification:_identify(grasp_test_files/robots/ArmarIII) by extension 'cmake'
[0.162s] Level 1:colcon.colcon_core.package_identification:_identify(grasp_test_files/robots/ArmarIII) by extension 'python'
[0.162s] Level 1:colcon.colcon_core.package_identification:_identify(grasp_test_files/robots/ArmarIII) by extensions ['python_setup_py']
[0.162s] Level 1:colcon.colcon_core.package_identification:_identify(grasp_test_files/robots/ArmarIII) by extension 'python_setup_py'
[0.162s] Level 1:colcon.colcon_core.package_identification:_identify(grasp_test_files/robots/ArmarIII/collisionModel) by extensions ['ignore', 'ignore_ament_install']
[0.162s] Level 1:colcon.colcon_core.package_identification:_identify(grasp_test_files/robots/ArmarIII/collisionModel) by extension 'ignore'
[0.162s] Level 1:colcon.colcon_core.package_identification:_identify(grasp_test_files/robots/ArmarIII/collisionModel) by extension 'ignore_ament_install'
[0.162s] Level 1:colcon.colcon_core.package_identification:_identify(grasp_test_files/robots/ArmarIII/collisionModel) by extensions ['colcon_pkg']
[0.162s] Level 1:colcon.colcon_core.package_identification:_identify(grasp_test_files/robots/ArmarIII/collisionModel) by extension 'colcon_pkg'
[0.162s] Level 1:colcon.colcon_core.package_identification:_identify(grasp_test_files/robots/ArmarIII/collisionModel) by extensions ['colcon_meta']
[0.162s] Level 1:colcon.colcon_core.package_identification:_identify(grasp_test_files/robots/ArmarIII/collisionModel) by extension 'colcon_meta'
[0.162s] Level 1:colcon.colcon_core.package_identification:_identify(grasp_test_files/robots/ArmarIII/collisionModel) by extensions ['ros']
[0.162s] Level 1:colcon.colcon_core.package_identification:_identify(grasp_test_files/robots/ArmarIII/collisionModel) by extension 'ros'
[0.162s] Level 1:colcon.colcon_core.package_identification:_identify(grasp_test_files/robots/ArmarIII/collisionModel) by extensions ['cmake', 'python']
[0.162s] Level 1:colcon.colcon_core.package_identification:_identify(grasp_test_files/robots/ArmarIII/collisionModel) by extension 'cmake'
[0.162s] Level 1:colcon.colcon_core.package_identification:_identify(grasp_test_files/robots/ArmarIII/collisionModel) by extension 'python'
[0.162s] Level 1:colcon.colcon_core.package_identification:_identify(grasp_test_files/robots/ArmarIII/collisionModel) by extensions ['python_setup_py']
[0.162s] Level 1:colcon.colcon_core.package_identification:_identify(grasp_test_files/robots/ArmarIII/collisionModel) by extension 'python_setup_py'
[0.162s] Level 1:colcon.colcon_core.package_identification:_identify(grasp_test_files/robots/ArmarIII/convexModel) by extensions ['ignore', 'ignore_ament_install']
[0.162s] Level 1:colcon.colcon_core.package_identification:_identify(grasp_test_files/robots/ArmarIII/convexModel) by extension 'ignore'
[0.162s] Level 1:colcon.colcon_core.package_identification:_identify(grasp_test_files/robots/ArmarIII/convexModel) by extension 'ignore_ament_install'
[0.163s] Level 1:colcon.colcon_core.package_identification:_identify(grasp_test_files/robots/ArmarIII/convexModel) by extensions ['colcon_pkg']
[0.163s] Level 1:colcon.colcon_core.package_identification:_identify(grasp_test_files/robots/ArmarIII/convexModel) by extension 'colcon_pkg'
[0.163s] Level 1:colcon.colcon_core.package_identification:_identify(grasp_test_files/robots/ArmarIII/convexModel) by extensions ['colcon_meta']
[0.163s] Level 1:colcon.colcon_core.package_identification:_identify(grasp_test_files/robots/ArmarIII/convexModel) by extension 'colcon_meta'
[0.163s] Level 1:colcon.colcon_core.package_identification:_identify(grasp_test_files/robots/ArmarIII/convexModel) by extensions ['ros']
[0.163s] Level 1:colcon.colcon_core.package_identification:_identify(grasp_test_files/robots/ArmarIII/convexModel) by extension 'ros'
[0.163s] Level 1:colcon.colcon_core.package_identification:_identify(grasp_test_files/robots/ArmarIII/convexModel) by extensions ['cmake', 'python']
[0.163s] Level 1:colcon.colcon_core.package_identification:_identify(grasp_test_files/robots/ArmarIII/convexModel) by extension 'cmake'
[0.163s] Level 1:colcon.colcon_core.package_identification:_identify(grasp_test_files/robots/ArmarIII/convexModel) by extension 'python'
[0.163s] Level 1:colcon.colcon_core.package_identification:_identify(grasp_test_files/robots/ArmarIII/convexModel) by extensions ['python_setup_py']
[0.163s] Level 1:colcon.colcon_core.package_identification:_identify(grasp_test_files/robots/ArmarIII/convexModel) by extension 'python_setup_py'
[0.163s] Level 1:colcon.colcon_core.package_identification:_identify(grasp_test_files/robots/ArmarIII/convexModel/armar) by extensions ['ignore', 'ignore_ament_install']
[0.163s] Level 1:colcon.colcon_core.package_identification:_identify(grasp_test_files/robots/ArmarIII/convexModel/armar) by extension 'ignore'
[0.163s] Level 1:colcon.colcon_core.package_identification:_identify(grasp_test_files/robots/ArmarIII/convexModel/armar) by extension 'ignore_ament_install'
[0.163s] Level 1:colcon.colcon_core.package_identification:_identify(grasp_test_files/robots/ArmarIII/convexModel/armar) by extensions ['colcon_pkg']
[0.163s] Level 1:colcon.colcon_core.package_identification:_identify(grasp_test_files/robots/ArmarIII/convexModel/armar) by extension 'colcon_pkg'
[0.163s] Level 1:colcon.colcon_core.package_identification:_identify(grasp_test_files/robots/ArmarIII/convexModel/armar) by extensions ['colcon_meta']
[0.163s] Level 1:colcon.colcon_core.package_identification:_identify(grasp_test_files/robots/ArmarIII/convexModel/armar) by extension 'colcon_meta'
[0.163s] Level 1:colcon.colcon_core.package_identification:_identify(grasp_test_files/robots/ArmarIII/convexModel/armar) by extensions ['ros']
[0.163s] Level 1:colcon.colcon_core.package_identification:_identify(grasp_test_files/robots/ArmarIII/convexModel/armar) by extension 'ros'
[0.163s] Level 1:colcon.colcon_core.package_identification:_identify(grasp_test_files/robots/ArmarIII/convexModel/armar) by extensions ['cmake', 'python']
[0.163s] Level 1:colcon.colcon_core.package_identification:_identify(grasp_test_files/robots/ArmarIII/convexModel/armar) by extension 'cmake'
[0.163s] Level 1:colcon.colcon_core.package_identification:_identify(grasp_test_files/robots/ArmarIII/convexModel/armar) by extension 'python'
[0.163s] Level 1:colcon.colcon_core.package_identification:_identify(grasp_test_files/robots/ArmarIII/convexModel/armar) by extensions ['python_setup_py']
[0.163s] Level 1:colcon.colcon_core.package_identification:_identify(grasp_test_files/robots/ArmarIII/convexModel/armar) by extension 'python_setup_py'
[0.163s] Level 1:colcon.colcon_core.package_identification:_identify(grasp_test_files/robots/ArmarIII/convexModel/armar/hands) by extensions ['ignore', 'ignore_ament_install']
[0.163s] Level 1:colcon.colcon_core.package_identification:_identify(grasp_test_files/robots/ArmarIII/convexModel/armar/hands) by extension 'ignore'
[0.163s] Level 1:colcon.colcon_core.package_identification:_identify(grasp_test_files/robots/ArmarIII/convexModel/armar/hands) by extension 'ignore_ament_install'
[0.163s] Level 1:colcon.colcon_core.package_identification:_identify(grasp_test_files/robots/ArmarIII/convexModel/armar/hands) by extensions ['colcon_pkg']
[0.163s] Level 1:colcon.colcon_core.package_identification:_identify(grasp_test_files/robots/ArmarIII/convexModel/armar/hands) by extension 'colcon_pkg'
[0.163s] Level 1:colcon.colcon_core.package_identification:_identify(grasp_test_files/robots/ArmarIII/convexModel/armar/hands) by extensions ['colcon_meta']
[0.163s] Level 1:colcon.colcon_core.package_identification:_identify(grasp_test_files/robots/ArmarIII/convexModel/armar/hands) by extension 'colcon_meta'
[0.163s] Level 1:colcon.colcon_core.package_identification:_identify(grasp_test_files/robots/ArmarIII/convexModel/armar/hands) by extensions ['ros']
[0.163s] Level 1:colcon.colcon_core.package_identification:_identify(grasp_test_files/robots/ArmarIII/convexModel/armar/hands) by extension 'ros'
[0.164s] Level 1:colcon.colcon_core.package_identification:_identify(grasp_test_files/robots/ArmarIII/convexModel/armar/hands) by extensions ['cmake', 'python']
[0.164s] Level 1:colcon.colcon_core.package_identification:_identify(grasp_test_files/robots/ArmarIII/convexModel/armar/hands) by extension 'cmake'
[0.164s] Level 1:colcon.colcon_core.package_identification:_identify(grasp_test_files/robots/ArmarIII/convexModel/armar/hands) by extension 'python'
[0.164s] Level 1:colcon.colcon_core.package_identification:_identify(grasp_test_files/robots/ArmarIII/convexModel/armar/hands) by extensions ['python_setup_py']
[0.164s] Level 1:colcon.colcon_core.package_identification:_identify(grasp_test_files/robots/ArmarIII/convexModel/armar/hands) by extension 'python_setup_py'
[0.164s] Level 1:colcon.colcon_core.package_identification:_identify(grasp_test_files/robots/ArmarIII/convexModel/armar/head) by extensions ['ignore', 'ignore_ament_install']
[0.164s] Level 1:colcon.colcon_core.package_identification:_identify(grasp_test_files/robots/ArmarIII/convexModel/armar/head) by extension 'ignore'
[0.164s] Level 1:colcon.colcon_core.package_identification:_identify(grasp_test_files/robots/ArmarIII/convexModel/armar/head) by extension 'ignore_ament_install'
[0.164s] Level 1:colcon.colcon_core.package_identification:_identify(grasp_test_files/robots/ArmarIII/convexModel/armar/head) by extensions ['colcon_pkg']
[0.164s] Level 1:colcon.colcon_core.package_identification:_identify(grasp_test_files/robots/ArmarIII/convexModel/armar/head) by extension 'colcon_pkg'
[0.164s] Level 1:colcon.colcon_core.package_identification:_identify(grasp_test_files/robots/ArmarIII/convexModel/armar/head) by extensions ['colcon_meta']
[0.164s] Level 1:colcon.colcon_core.package_identification:_identify(grasp_test_files/robots/ArmarIII/convexModel/armar/head) by extension 'colcon_meta'
[0.164s] Level 1:colcon.colcon_core.package_identification:_identify(grasp_test_files/robots/ArmarIII/convexModel/armar/head) by extensions ['ros']
[0.164s] Level 1:colcon.colcon_core.package_identification:_identify(grasp_test_files/robots/ArmarIII/convexModel/armar/head) by extension 'ros'
[0.164s] Level 1:colcon.colcon_core.package_identification:_identify(grasp_test_files/robots/ArmarIII/convexModel/armar/head) by extensions ['cmake', 'python']
[0.164s] Level 1:colcon.colcon_core.package_identification:_identify(grasp_test_files/robots/ArmarIII/convexModel/armar/head) by extension 'cmake'
[0.164s] Level 1:colcon.colcon_core.package_identification:_identify(grasp_test_files/robots/ArmarIII/convexModel/armar/head) by extension 'python'
[0.164s] Level 1:colcon.colcon_core.package_identification:_identify(grasp_test_files/robots/ArmarIII/convexModel/armar/head) by extensions ['python_setup_py']
[0.164s] Level 1:colcon.colcon_core.package_identification:_identify(grasp_test_files/robots/ArmarIII/convexModel/armar/head) by extension 'python_setup_py'
[0.164s] Level 1:colcon.colcon_core.package_identification:_identify(grasp_test_files/robots/ArmarIII/convexModel/armar/left_arm) by extensions ['ignore', 'ignore_ament_install']
[0.164s] Level 1:colcon.colcon_core.package_identification:_identify(grasp_test_files/robots/ArmarIII/convexModel/armar/left_arm) by extension 'ignore'
[0.164s] Level 1:colcon.colcon_core.package_identification:_identify(grasp_test_files/robots/ArmarIII/convexModel/armar/left_arm) by extension 'ignore_ament_install'
[0.164s] Level 1:colcon.colcon_core.package_identification:_identify(grasp_test_files/robots/ArmarIII/convexModel/armar/left_arm) by extensions ['colcon_pkg']
[0.164s] Level 1:colcon.colcon_core.package_identification:_identify(grasp_test_files/robots/ArmarIII/convexModel/armar/left_arm) by extension 'colcon_pkg'
[0.164s] Level 1:colcon.colcon_core.package_identification:_identify(grasp_test_files/robots/ArmarIII/convexModel/armar/left_arm) by extensions ['colcon_meta']
[0.164s] Level 1:colcon.colcon_core.package_identification:_identify(grasp_test_files/robots/ArmarIII/convexModel/armar/left_arm) by extension 'colcon_meta'
[0.164s] Level 1:colcon.colcon_core.package_identification:_identify(grasp_test_files/robots/ArmarIII/convexModel/armar/left_arm) by extensions ['ros']
[0.164s] Level 1:colcon.colcon_core.package_identification:_identify(grasp_test_files/robots/ArmarIII/convexModel/armar/left_arm) by extension 'ros'
[0.164s] Level 1:colcon.colcon_core.package_identification:_identify(grasp_test_files/robots/ArmarIII/convexModel/armar/left_arm) by extensions ['cmake', 'python']
[0.164s] Level 1:colcon.colcon_core.package_identification:_identify(grasp_test_files/robots/ArmarIII/convexModel/armar/left_arm) by extension 'cmake'
[0.164s] Level 1:colcon.colcon_core.package_identification:_identify(grasp_test_files/robots/ArmarIII/convexModel/armar/left_arm) by extension 'python'
[0.164s] Level 1:colcon.colcon_core.package_identification:_identify(grasp_test_files/robots/ArmarIII/convexModel/armar/left_arm) by extensions ['python_setup_py']
[0.164s] Level 1:colcon.colcon_core.package_identification:_identify(grasp_test_files/robots/ArmarIII/convexModel/armar/left_arm) by extension 'python_setup_py'
[0.164s] Level 1:colcon.colcon_core.package_identification:_identify(grasp_test_files/robots/ArmarIII/convexModel/armar/neck) by extensions ['ignore', 'ignore_ament_install']
[0.164s] Level 1:colcon.colcon_core.package_identification:_identify(grasp_test_files/robots/ArmarIII/convexModel/armar/neck) by extension 'ignore'
[0.164s] Level 1:colcon.colcon_core.package_identification:_identify(grasp_test_files/robots/ArmarIII/convexModel/armar/neck) by extension 'ignore_ament_install'
[0.165s] Level 1:colcon.colcon_core.package_identification:_identify(grasp_test_files/robots/ArmarIII/convexModel/armar/neck) by extensions ['colcon_pkg']
[0.165s] Level 1:colcon.colcon_core.package_identification:_identify(grasp_test_files/robots/ArmarIII/convexModel/armar/neck) by extension 'colcon_pkg'
[0.165s] Level 1:colcon.colcon_core.package_identification:_identify(grasp_test_files/robots/ArmarIII/convexModel/armar/neck) by extensions ['colcon_meta']
[0.165s] Level 1:colcon.colcon_core.package_identification:_identify(grasp_test_files/robots/ArmarIII/convexModel/armar/neck) by extension 'colcon_meta'
[0.165s] Level 1:colcon.colcon_core.package_identification:_identify(grasp_test_files/robots/ArmarIII/convexModel/armar/neck) by extensions ['ros']
[0.165s] Level 1:colcon.colcon_core.package_identification:_identify(grasp_test_files/robots/ArmarIII/convexModel/armar/neck) by extension 'ros'
[0.165s] Level 1:colcon.colcon_core.package_identification:_identify(grasp_test_files/robots/ArmarIII/convexModel/armar/neck) by extensions ['cmake', 'python']
[0.165s] Level 1:colcon.colcon_core.package_identification:_identify(grasp_test_files/robots/ArmarIII/convexModel/armar/neck) by extension 'cmake'
[0.165s] Level 1:colcon.colcon_core.package_identification:_identify(grasp_test_files/robots/ArmarIII/convexModel/armar/neck) by extension 'python'
[0.165s] Level 1:colcon.colcon_core.package_identification:_identify(grasp_test_files/robots/ArmarIII/convexModel/armar/neck) by extensions ['python_setup_py']
[0.165s] Level 1:colcon.colcon_core.package_identification:_identify(grasp_test_files/robots/ArmarIII/convexModel/armar/neck) by extension 'python_setup_py'
[0.165s] Level 1:colcon.colcon_core.package_identification:_identify(grasp_test_files/robots/ArmarIII/convexModel/armar/platform) by extensions ['ignore', 'ignore_ament_install']
[0.165s] Level 1:colcon.colcon_core.package_identification:_identify(grasp_test_files/robots/ArmarIII/convexModel/armar/platform) by extension 'ignore'
[0.165s] Level 1:colcon.colcon_core.package_identification:_identify(grasp_test_files/robots/ArmarIII/convexModel/armar/platform) by extension 'ignore_ament_install'
[0.165s] Level 1:colcon.colcon_core.package_identification:_identify(grasp_test_files/robots/ArmarIII/convexModel/armar/platform) by extensions ['colcon_pkg']
[0.165s] Level 1:colcon.colcon_core.package_identification:_identify(grasp_test_files/robots/ArmarIII/convexModel/armar/platform) by extension 'colcon_pkg'
[0.165s] Level 1:colcon.colcon_core.package_identification:_identify(grasp_test_files/robots/ArmarIII/convexModel/armar/platform) by extensions ['colcon_meta']
[0.165s] Level 1:colcon.colcon_core.package_identification:_identify(grasp_test_files/robots/ArmarIII/convexModel/armar/platform) by extension 'colcon_meta'
[0.165s] Level 1:colcon.colcon_core.package_identification:_identify(grasp_test_files/robots/ArmarIII/convexModel/armar/platform) by extensions ['ros']
[0.165s] Level 1:colcon.colcon_core.package_identification:_identify(grasp_test_files/robots/ArmarIII/convexModel/armar/platform) by extension 'ros'
[0.165s] Level 1:colcon.colcon_core.package_identification:_identify(grasp_test_files/robots/ArmarIII/convexModel/armar/platform) by extensions ['cmake', 'python']
[0.165s] Level 1:colcon.colcon_core.package_identification:_identify(grasp_test_files/robots/ArmarIII/convexModel/armar/platform) by extension 'cmake'
[0.165s] Level 1:colcon.colcon_core.package_identification:_identify(grasp_test_files/robots/ArmarIII/convexModel/armar/platform) by extension 'python'
[0.165s] Level 1:colcon.colcon_core.package_identification:_identify(grasp_test_files/robots/ArmarIII/convexModel/armar/platform) by extensions ['python_setup_py']
[0.165s] Level 1:colcon.colcon_core.package_identification:_identify(grasp_test_files/robots/ArmarIII/convexModel/armar/platform) by extension 'python_setup_py'
[0.165s] Level 1:colcon.colcon_core.package_identification:_identify(grasp_test_files/robots/ArmarIII/convexModel/armar/right_arm) by extensions ['ignore', 'ignore_ament_install']
[0.165s] Level 1:colcon.colcon_core.package_identification:_identify(grasp_test_files/robots/ArmarIII/convexModel/armar/right_arm) by extension 'ignore'
[0.165s] Level 1:colcon.colcon_core.package_identification:_identify(grasp_test_files/robots/ArmarIII/convexModel/armar/right_arm) by extension 'ignore_ament_install'
[0.165s] Level 1:colcon.colcon_core.package_identification:_identify(grasp_test_files/robots/ArmarIII/convexModel/armar/right_arm) by extensions ['colcon_pkg']
[0.165s] Level 1:colcon.colcon_core.package_identification:_identify(grasp_test_files/robots/ArmarIII/convexModel/armar/right_arm) by extension 'colcon_pkg'
[0.165s] Level 1:colcon.colcon_core.package_identification:_identify(grasp_test_files/robots/ArmarIII/convexModel/armar/right_arm) by extensions ['colcon_meta']
[0.165s] Level 1:colcon.colcon_core.package_identification:_identify(grasp_test_files/robots/ArmarIII/convexModel/armar/right_arm) by extension 'colcon_meta'
[0.165s] Level 1:colcon.colcon_core.package_identification:_identify(grasp_test_files/robots/ArmarIII/convexModel/armar/right_arm) by extensions ['ros']
[0.165s] Level 1:colcon.colcon_core.package_identification:_identify(grasp_test_files/robots/ArmarIII/convexModel/armar/right_arm) by extension 'ros'
[0.165s] Level 1:colcon.colcon_core.package_identification:_identify(grasp_test_files/robots/ArmarIII/convexModel/armar/right_arm) by extensions ['cmake', 'python']
[0.165s] Level 1:colcon.colcon_core.package_identification:_identify(grasp_test_files/robots/ArmarIII/convexModel/armar/right_arm) by extension 'cmake'
[0.165s] Level 1:colcon.colcon_core.package_identification:_identify(grasp_test_files/robots/ArmarIII/convexModel/armar/right_arm) by extension 'python'
[0.166s] Level 1:colcon.colcon_core.package_identification:_identify(grasp_test_files/robots/ArmarIII/convexModel/armar/right_arm) by extensions ['python_setup_py']
[0.166s] Level 1:colcon.colcon_core.package_identification:_identify(grasp_test_files/robots/ArmarIII/convexModel/armar/right_arm) by extension 'python_setup_py'
[0.166s] Level 1:colcon.colcon_core.package_identification:_identify(grasp_test_files/robots/ArmarIII/convexModel/armar/torso) by extensions ['ignore', 'ignore_ament_install']
[0.166s] Level 1:colcon.colcon_core.package_identification:_identify(grasp_test_files/robots/ArmarIII/convexModel/armar/torso) by extension 'ignore'
[0.166s] Level 1:colcon.colcon_core.package_identification:_identify(grasp_test_files/robots/ArmarIII/convexModel/armar/torso) by extension 'ignore_ament_install'
[0.166s] Level 1:colcon.colcon_core.package_identification:_identify(grasp_test_files/robots/ArmarIII/convexModel/armar/torso) by extensions ['colcon_pkg']
[0.166s] Level 1:colcon.colcon_core.package_identification:_identify(grasp_test_files/robots/ArmarIII/convexModel/armar/torso) by extension 'colcon_pkg'
[0.166s] Level 1:colcon.colcon_core.package_identification:_identify(grasp_test_files/robots/ArmarIII/convexModel/armar/torso) by extensions ['colcon_meta']
[0.166s] Level 1:colcon.colcon_core.package_identification:_identify(grasp_test_files/robots/ArmarIII/convexModel/armar/torso) by extension 'colcon_meta'
[0.166s] Level 1:colcon.colcon_core.package_identification:_identify(grasp_test_files/robots/ArmarIII/convexModel/armar/torso) by extensions ['ros']
[0.166s] Level 1:colcon.colcon_core.package_identification:_identify(grasp_test_files/robots/ArmarIII/convexModel/armar/torso) by extension 'ros'
[0.166s] Level 1:colcon.colcon_core.package_identification:_identify(grasp_test_files/robots/ArmarIII/convexModel/armar/torso) by extensions ['cmake', 'python']
[0.166s] Level 1:colcon.colcon_core.package_identification:_identify(grasp_test_files/robots/ArmarIII/convexModel/armar/torso) by extension 'cmake'
[0.166s] Level 1:colcon.colcon_core.package_identification:_identify(grasp_test_files/robots/ArmarIII/convexModel/armar/torso) by extension 'python'
[0.166s] Level 1:colcon.colcon_core.package_identification:_identify(grasp_test_files/robots/ArmarIII/convexModel/armar/torso) by extensions ['python_setup_py']
[0.166s] Level 1:colcon.colcon_core.package_identification:_identify(grasp_test_files/robots/ArmarIII/convexModel/armar/torso) by extension 'python_setup_py'
[0.166s] Level 1:colcon.colcon_core.package_identification:_identify(grasp_test_files/robots/ArmarIII/fullmodel) by extensions ['ignore', 'ignore_ament_install']
[0.166s] Level 1:colcon.colcon_core.package_identification:_identify(grasp_test_files/robots/ArmarIII/fullmodel) by extension 'ignore'
[0.166s] Level 1:colcon.colcon_core.package_identification:_identify(grasp_test_files/robots/ArmarIII/fullmodel) by extension 'ignore_ament_install'
[0.166s] Level 1:colcon.colcon_core.package_identification:_identify(grasp_test_files/robots/ArmarIII/fullmodel) by extensions ['colcon_pkg']
[0.166s] Level 1:colcon.colcon_core.package_identification:_identify(grasp_test_files/robots/ArmarIII/fullmodel) by extension 'colcon_pkg'
[0.166s] Level 1:colcon.colcon_core.package_identification:_identify(grasp_test_files/robots/ArmarIII/fullmodel) by extensions ['colcon_meta']
[0.166s] Level 1:colcon.colcon_core.package_identification:_identify(grasp_test_files/robots/ArmarIII/fullmodel) by extension 'colcon_meta'
[0.166s] Level 1:colcon.colcon_core.package_identification:_identify(grasp_test_files/robots/ArmarIII/fullmodel) by extensions ['ros']
[0.166s] Level 1:colcon.colcon_core.package_identification:_identify(grasp_test_files/robots/ArmarIII/fullmodel) by extension 'ros'
[0.166s] Level 1:colcon.colcon_core.package_identification:_identify(grasp_test_files/robots/ArmarIII/fullmodel) by extensions ['cmake', 'python']
[0.166s] Level 1:colcon.colcon_core.package_identification:_identify(grasp_test_files/robots/ArmarIII/fullmodel) by extension 'cmake'
[0.166s] Level 1:colcon.colcon_core.package_identification:_identify(grasp_test_files/robots/ArmarIII/fullmodel) by extension 'python'
[0.166s] Level 1:colcon.colcon_core.package_identification:_identify(grasp_test_files/robots/ArmarIII/fullmodel) by extensions ['python_setup_py']
[0.166s] Level 1:colcon.colcon_core.package_identification:_identify(grasp_test_files/robots/ArmarIII/fullmodel) by extension 'python_setup_py'
[0.166s] Level 1:colcon.colcon_core.package_identification:_identify(grasp_test_files/robots/ArmarIII/fullmodel/armar) by extensions ['ignore', 'ignore_ament_install']
[0.166s] Level 1:colcon.colcon_core.package_identification:_identify(grasp_test_files/robots/ArmarIII/fullmodel/armar) by extension 'ignore'
[0.166s] Level 1:colcon.colcon_core.package_identification:_identify(grasp_test_files/robots/ArmarIII/fullmodel/armar) by extension 'ignore_ament_install'
[0.166s] Level 1:colcon.colcon_core.package_identification:_identify(grasp_test_files/robots/ArmarIII/fullmodel/armar) by extensions ['colcon_pkg']
[0.166s] Level 1:colcon.colcon_core.package_identification:_identify(grasp_test_files/robots/ArmarIII/fullmodel/armar) by extension 'colcon_pkg'
[0.166s] Level 1:colcon.colcon_core.package_identification:_identify(grasp_test_files/robots/ArmarIII/fullmodel/armar) by extensions ['colcon_meta']
[0.166s] Level 1:colcon.colcon_core.package_identification:_identify(grasp_test_files/robots/ArmarIII/fullmodel/armar) by extension 'colcon_meta'
[0.167s] Level 1:colcon.colcon_core.package_identification:_identify(grasp_test_files/robots/ArmarIII/fullmodel/armar) by extensions ['ros']
[0.167s] Level 1:colcon.colcon_core.package_identification:_identify(grasp_test_files/robots/ArmarIII/fullmodel/armar) by extension 'ros'
[0.167s] Level 1:colcon.colcon_core.package_identification:_identify(grasp_test_files/robots/ArmarIII/fullmodel/armar) by extensions ['cmake', 'python']
[0.167s] Level 1:colcon.colcon_core.package_identification:_identify(grasp_test_files/robots/ArmarIII/fullmodel/armar) by extension 'cmake'
[0.167s] Level 1:colcon.colcon_core.package_identification:_identify(grasp_test_files/robots/ArmarIII/fullmodel/armar) by extension 'python'
[0.167s] Level 1:colcon.colcon_core.package_identification:_identify(grasp_test_files/robots/ArmarIII/fullmodel/armar) by extensions ['python_setup_py']
[0.167s] Level 1:colcon.colcon_core.package_identification:_identify(grasp_test_files/robots/ArmarIII/fullmodel/armar) by extension 'python_setup_py'
[0.167s] Level 1:colcon.colcon_core.package_identification:_identify(grasp_test_files/robots/ArmarIII/fullmodel/armar/eyes) by extensions ['ignore', 'ignore_ament_install']
[0.167s] Level 1:colcon.colcon_core.package_identification:_identify(grasp_test_files/robots/ArmarIII/fullmodel/armar/eyes) by extension 'ignore'
[0.167s] Level 1:colcon.colcon_core.package_identification:_identify(grasp_test_files/robots/ArmarIII/fullmodel/armar/eyes) by extension 'ignore_ament_install'
[0.167s] Level 1:colcon.colcon_core.package_identification:_identify(grasp_test_files/robots/ArmarIII/fullmodel/armar/eyes) by extensions ['colcon_pkg']
[0.167s] Level 1:colcon.colcon_core.package_identification:_identify(grasp_test_files/robots/ArmarIII/fullmodel/armar/eyes) by extension 'colcon_pkg'
[0.167s] Level 1:colcon.colcon_core.package_identification:_identify(grasp_test_files/robots/ArmarIII/fullmodel/armar/eyes) by extensions ['colcon_meta']
[0.167s] Level 1:colcon.colcon_core.package_identification:_identify(grasp_test_files/robots/ArmarIII/fullmodel/armar/eyes) by extension 'colcon_meta'
[0.167s] Level 1:colcon.colcon_core.package_identification:_identify(grasp_test_files/robots/ArmarIII/fullmodel/armar/eyes) by extensions ['ros']
[0.167s] Level 1:colcon.colcon_core.package_identification:_identify(grasp_test_files/robots/ArmarIII/fullmodel/armar/eyes) by extension 'ros'
[0.167s] Level 1:colcon.colcon_core.package_identification:_identify(grasp_test_files/robots/ArmarIII/fullmodel/armar/eyes) by extensions ['cmake', 'python']
[0.167s] Level 1:colcon.colcon_core.package_identification:_identify(grasp_test_files/robots/ArmarIII/fullmodel/armar/eyes) by extension 'cmake'
[0.167s] Level 1:colcon.colcon_core.package_identification:_identify(grasp_test_files/robots/ArmarIII/fullmodel/armar/eyes) by extension 'python'
[0.167s] Level 1:colcon.colcon_core.package_identification:_identify(grasp_test_files/robots/ArmarIII/fullmodel/armar/eyes) by extensions ['python_setup_py']
[0.167s] Level 1:colcon.colcon_core.package_identification:_identify(grasp_test_files/robots/ArmarIII/fullmodel/armar/eyes) by extension 'python_setup_py'
[0.167s] Level 1:colcon.colcon_core.package_identification:_identify(grasp_test_files/robots/ArmarIII/fullmodel/armar/hands) by extensions ['ignore', 'ignore_ament_install']
[0.167s] Level 1:colcon.colcon_core.package_identification:_identify(grasp_test_files/robots/ArmarIII/fullmodel/armar/hands) by extension 'ignore'
[0.167s] Level 1:colcon.colcon_core.package_identification:_identify(grasp_test_files/robots/ArmarIII/fullmodel/armar/hands) by extension 'ignore_ament_install'
[0.167s] Level 1:colcon.colcon_core.package_identification:_identify(grasp_test_files/robots/ArmarIII/fullmodel/armar/hands) by extensions ['colcon_pkg']
[0.167s] Level 1:colcon.colcon_core.package_identification:_identify(grasp_test_files/robots/ArmarIII/fullmodel/armar/hands) by extension 'colcon_pkg'
[0.167s] Level 1:colcon.colcon_core.package_identification:_identify(grasp_test_files/robots/ArmarIII/fullmodel/armar/hands) by extensions ['colcon_meta']
[0.167s] Level 1:colcon.colcon_core.package_identification:_identify(grasp_test_files/robots/ArmarIII/fullmodel/armar/hands) by extension 'colcon_meta'
[0.167s] Level 1:colcon.colcon_core.package_identification:_identify(grasp_test_files/robots/ArmarIII/fullmodel/armar/hands) by extensions ['ros']
[0.167s] Level 1:colcon.colcon_core.package_identification:_identify(grasp_test_files/robots/ArmarIII/fullmodel/armar/hands) by extension 'ros'
[0.167s] Level 1:colcon.colcon_core.package_identification:_identify(grasp_test_files/robots/ArmarIII/fullmodel/armar/hands) by extensions ['cmake', 'python']
[0.167s] Level 1:colcon.colcon_core.package_identification:_identify(grasp_test_files/robots/ArmarIII/fullmodel/armar/hands) by extension 'cmake'
[0.167s] Level 1:colcon.colcon_core.package_identification:_identify(grasp_test_files/robots/ArmarIII/fullmodel/armar/hands) by extension 'python'
[0.167s] Level 1:colcon.colcon_core.package_identification:_identify(grasp_test_files/robots/ArmarIII/fullmodel/armar/hands) by extensions ['python_setup_py']
[0.167s] Level 1:colcon.colcon_core.package_identification:_identify(grasp_test_files/robots/ArmarIII/fullmodel/armar/hands) by extension 'python_setup_py'
[0.167s] Level 1:colcon.colcon_core.package_identification:_identify(grasp_test_files/robots/ArmarIII/fullmodel/armar/head) by extensions ['ignore', 'ignore_ament_install']
[0.168s] Level 1:colcon.colcon_core.package_identification:_identify(grasp_test_files/robots/ArmarIII/fullmodel/armar/head) by extension 'ignore'
[0.168s] Level 1:colcon.colcon_core.package_identification:_identify(grasp_test_files/robots/ArmarIII/fullmodel/armar/head) by extension 'ignore_ament_install'
[0.168s] Level 1:colcon.colcon_core.package_identification:_identify(grasp_test_files/robots/ArmarIII/fullmodel/armar/head) by extensions ['colcon_pkg']
[0.168s] Level 1:colcon.colcon_core.package_identification:_identify(grasp_test_files/robots/ArmarIII/fullmodel/armar/head) by extension 'colcon_pkg'
[0.168s] Level 1:colcon.colcon_core.package_identification:_identify(grasp_test_files/robots/ArmarIII/fullmodel/armar/head) by extensions ['colcon_meta']
[0.168s] Level 1:colcon.colcon_core.package_identification:_identify(grasp_test_files/robots/ArmarIII/fullmodel/armar/head) by extension 'colcon_meta'
[0.168s] Level 1:colcon.colcon_core.package_identification:_identify(grasp_test_files/robots/ArmarIII/fullmodel/armar/head) by extensions ['ros']
[0.168s] Level 1:colcon.colcon_core.package_identification:_identify(grasp_test_files/robots/ArmarIII/fullmodel/armar/head) by extension 'ros'
[0.168s] Level 1:colcon.colcon_core.package_identification:_identify(grasp_test_files/robots/ArmarIII/fullmodel/armar/head) by extensions ['cmake', 'python']
[0.168s] Level 1:colcon.colcon_core.package_identification:_identify(grasp_test_files/robots/ArmarIII/fullmodel/armar/head) by extension 'cmake'
[0.168s] Level 1:colcon.colcon_core.package_identification:_identify(grasp_test_files/robots/ArmarIII/fullmodel/armar/head) by extension 'python'
[0.168s] Level 1:colcon.colcon_core.package_identification:_identify(grasp_test_files/robots/ArmarIII/fullmodel/armar/head) by extensions ['python_setup_py']
[0.168s] Level 1:colcon.colcon_core.package_identification:_identify(grasp_test_files/robots/ArmarIII/fullmodel/armar/head) by extension 'python_setup_py'
[0.168s] Level 1:colcon.colcon_core.package_identification:_identify(grasp_test_files/robots/ArmarIII/fullmodel/armar/left_arm) by extensions ['ignore', 'ignore_ament_install']
[0.168s] Level 1:colcon.colcon_core.package_identification:_identify(grasp_test_files/robots/ArmarIII/fullmodel/armar/left_arm) by extension 'ignore'
[0.168s] Level 1:colcon.colcon_core.package_identification:_identify(grasp_test_files/robots/ArmarIII/fullmodel/armar/left_arm) by extension 'ignore_ament_install'
[0.168s] Level 1:colcon.colcon_core.package_identification:_identify(grasp_test_files/robots/ArmarIII/fullmodel/armar/left_arm) by extensions ['colcon_pkg']
[0.168s] Level 1:colcon.colcon_core.package_identification:_identify(grasp_test_files/robots/ArmarIII/fullmodel/armar/left_arm) by extension 'colcon_pkg'
[0.168s] Level 1:colcon.colcon_core.package_identification:_identify(grasp_test_files/robots/ArmarIII/fullmodel/armar/left_arm) by extensions ['colcon_meta']
[0.168s] Level 1:colcon.colcon_core.package_identification:_identify(grasp_test_files/robots/ArmarIII/fullmodel/armar/left_arm) by extension 'colcon_meta'
[0.168s] Level 1:colcon.colcon_core.package_identification:_identify(grasp_test_files/robots/ArmarIII/fullmodel/armar/left_arm) by extensions ['ros']
[0.168s] Level 1:colcon.colcon_core.package_identification:_identify(grasp_test_files/robots/ArmarIII/fullmodel/armar/left_arm) by extension 'ros'
[0.168s] Level 1:colcon.colcon_core.package_identification:_identify(grasp_test_files/robots/ArmarIII/fullmodel/armar/left_arm) by extensions ['cmake', 'python']
[0.168s] Level 1:colcon.colcon_core.package_identification:_identify(grasp_test_files/robots/ArmarIII/fullmodel/armar/left_arm) by extension 'cmake'
[0.168s] Level 1:colcon.colcon_core.package_identification:_identify(grasp_test_files/robots/ArmarIII/fullmodel/armar/left_arm) by extension 'python'
[0.168s] Level 1:colcon.colcon_core.package_identification:_identify(grasp_test_files/robots/ArmarIII/fullmodel/armar/left_arm) by extensions ['python_setup_py']
[0.168s] Level 1:colcon.colcon_core.package_identification:_identify(grasp_test_files/robots/ArmarIII/fullmodel/armar/left_arm) by extension 'python_setup_py'
[0.168s] Level 1:colcon.colcon_core.package_identification:_identify(grasp_test_files/robots/ArmarIII/fullmodel/armar/neck) by extensions ['ignore', 'ignore_ament_install']
[0.168s] Level 1:colcon.colcon_core.package_identification:_identify(grasp_test_files/robots/ArmarIII/fullmodel/armar/neck) by extension 'ignore'
[0.168s] Level 1:colcon.colcon_core.package_identification:_identify(grasp_test_files/robots/ArmarIII/fullmodel/armar/neck) by extension 'ignore_ament_install'
[0.168s] Level 1:colcon.colcon_core.package_identification:_identify(grasp_test_files/robots/ArmarIII/fullmodel/armar/neck) by extensions ['colcon_pkg']
[0.168s] Level 1:colcon.colcon_core.package_identification:_identify(grasp_test_files/robots/ArmarIII/fullmodel/armar/neck) by extension 'colcon_pkg'
[0.168s] Level 1:colcon.colcon_core.package_identification:_identify(grasp_test_files/robots/ArmarIII/fullmodel/armar/neck) by extensions ['colcon_meta']
[0.168s] Level 1:colcon.colcon_core.package_identification:_identify(grasp_test_files/robots/ArmarIII/fullmodel/armar/neck) by extension 'colcon_meta'
[0.168s] Level 1:colcon.colcon_core.package_identification:_identify(grasp_test_files/robots/ArmarIII/fullmodel/armar/neck) by extensions ['ros']
[0.168s] Level 1:colcon.colcon_core.package_identification:_identify(grasp_test_files/robots/ArmarIII/fullmodel/armar/neck) by extension 'ros'
[0.168s] Level 1:colcon.colcon_core.package_identification:_identify(grasp_test_files/robots/ArmarIII/fullmodel/armar/neck) by extensions ['cmake', 'python']
[0.169s] Level 1:colcon.colcon_core.package_identification:_identify(grasp_test_files/robots/ArmarIII/fullmodel/armar/neck) by extension 'cmake'
[0.169s] Level 1:colcon.colcon_core.package_identification:_identify(grasp_test_files/robots/ArmarIII/fullmodel/armar/neck) by extension 'python'
[0.169s] Level 1:colcon.colcon_core.package_identification:_identify(grasp_test_files/robots/ArmarIII/fullmodel/armar/neck) by extensions ['python_setup_py']
[0.169s] Level 1:colcon.colcon_core.package_identification:_identify(grasp_test_files/robots/ArmarIII/fullmodel/armar/neck) by extension 'python_setup_py'
[0.169s] Level 1:colcon.colcon_core.package_identification:_identify(grasp_test_files/robots/ArmarIII/fullmodel/armar/platform) by extensions ['ignore', 'ignore_ament_install']
[0.169s] Level 1:colcon.colcon_core.package_identification:_identify(grasp_test_files/robots/ArmarIII/fullmodel/armar/platform) by extension 'ignore'
[0.169s] Level 1:colcon.colcon_core.package_identification:_identify(grasp_test_files/robots/ArmarIII/fullmodel/armar/platform) by extension 'ignore_ament_install'
[0.169s] Level 1:colcon.colcon_core.package_identification:_identify(grasp_test_files/robots/ArmarIII/fullmodel/armar/platform) by extensions ['colcon_pkg']
[0.169s] Level 1:colcon.colcon_core.package_identification:_identify(grasp_test_files/robots/ArmarIII/fullmodel/armar/platform) by extension 'colcon_pkg'
[0.169s] Level 1:colcon.colcon_core.package_identification:_identify(grasp_test_files/robots/ArmarIII/fullmodel/armar/platform) by extensions ['colcon_meta']
[0.169s] Level 1:colcon.colcon_core.package_identification:_identify(grasp_test_files/robots/ArmarIII/fullmodel/armar/platform) by extension 'colcon_meta'
[0.169s] Level 1:colcon.colcon_core.package_identification:_identify(grasp_test_files/robots/ArmarIII/fullmodel/armar/platform) by extensions ['ros']
[0.169s] Level 1:colcon.colcon_core.package_identification:_identify(grasp_test_files/robots/ArmarIII/fullmodel/armar/platform) by extension 'ros'
[0.169s] Level 1:colcon.colcon_core.package_identification:_identify(grasp_test_files/robots/ArmarIII/fullmodel/armar/platform) by extensions ['cmake', 'python']
[0.169s] Level 1:colcon.colcon_core.package_identification:_identify(grasp_test_files/robots/ArmarIII/fullmodel/armar/platform) by extension 'cmake'
[0.169s] Level 1:colcon.colcon_core.package_identification:_identify(grasp_test_files/robots/ArmarIII/fullmodel/armar/platform) by extension 'python'
[0.169s] Level 1:colcon.colcon_core.package_identification:_identify(grasp_test_files/robots/ArmarIII/fullmodel/armar/platform) by extensions ['python_setup_py']
[0.169s] Level 1:colcon.colcon_core.package_identification:_identify(grasp_test_files/robots/ArmarIII/fullmodel/armar/platform) by extension 'python_setup_py'
[0.169s] Level 1:colcon.colcon_core.package_identification:_identify(grasp_test_files/robots/ArmarIII/fullmodel/armar/right_arm) by extensions ['ignore', 'ignore_ament_install']
[0.169s] Level 1:colcon.colcon_core.package_identification:_identify(grasp_test_files/robots/ArmarIII/fullmodel/armar/right_arm) by extension 'ignore'
[0.169s] Level 1:colcon.colcon_core.package_identification:_identify(grasp_test_files/robots/ArmarIII/fullmodel/armar/right_arm) by extension 'ignore_ament_install'
[0.169s] Level 1:colcon.colcon_core.package_identification:_identify(grasp_test_files/robots/ArmarIII/fullmodel/armar/right_arm) by extensions ['colcon_pkg']
[0.169s] Level 1:colcon.colcon_core.package_identification:_identify(grasp_test_files/robots/ArmarIII/fullmodel/armar/right_arm) by extension 'colcon_pkg'
[0.169s] Level 1:colcon.colcon_core.package_identification:_identify(grasp_test_files/robots/ArmarIII/fullmodel/armar/right_arm) by extensions ['colcon_meta']
[0.169s] Level 1:colcon.colcon_core.package_identification:_identify(grasp_test_files/robots/ArmarIII/fullmodel/armar/right_arm) by extension 'colcon_meta'
[0.169s] Level 1:colcon.colcon_core.package_identification:_identify(grasp_test_files/robots/ArmarIII/fullmodel/armar/right_arm) by extensions ['ros']
[0.169s] Level 1:colcon.colcon_core.package_identification:_identify(grasp_test_files/robots/ArmarIII/fullmodel/armar/right_arm) by extension 'ros'
[0.169s] Level 1:colcon.colcon_core.package_identification:_identify(grasp_test_files/robots/ArmarIII/fullmodel/armar/right_arm) by extensions ['cmake', 'python']
[0.169s] Level 1:colcon.colcon_core.package_identification:_identify(grasp_test_files/robots/ArmarIII/fullmodel/armar/right_arm) by extension 'cmake'
[0.169s] Level 1:colcon.colcon_core.package_identification:_identify(grasp_test_files/robots/ArmarIII/fullmodel/armar/right_arm) by extension 'python'
[0.169s] Level 1:colcon.colcon_core.package_identification:_identify(grasp_test_files/robots/ArmarIII/fullmodel/armar/right_arm) by extensions ['python_setup_py']
[0.169s] Level 1:colcon.colcon_core.package_identification:_identify(grasp_test_files/robots/ArmarIII/fullmodel/armar/right_arm) by extension 'python_setup_py'
[0.170s] Level 1:colcon.colcon_core.package_identification:_identify(grasp_test_files/robots/ArmarIII/fullmodel/armar/torso) by extensions ['ignore', 'ignore_ament_install']
[0.170s] Level 1:colcon.colcon_core.package_identification:_identify(grasp_test_files/robots/ArmarIII/fullmodel/armar/torso) by extension 'ignore'
[0.170s] Level 1:colcon.colcon_core.package_identification:_identify(grasp_test_files/robots/ArmarIII/fullmodel/armar/torso) by extension 'ignore_ament_install'
[0.170s] Level 1:colcon.colcon_core.package_identification:_identify(grasp_test_files/robots/ArmarIII/fullmodel/armar/torso) by extensions ['colcon_pkg']
[0.170s] Level 1:colcon.colcon_core.package_identification:_identify(grasp_test_files/robots/ArmarIII/fullmodel/armar/torso) by extension 'colcon_pkg'
[0.170s] Level 1:colcon.colcon_core.package_identification:_identify(grasp_test_files/robots/ArmarIII/fullmodel/armar/torso) by extensions ['colcon_meta']
[0.170s] Level 1:colcon.colcon_core.package_identification:_identify(grasp_test_files/robots/ArmarIII/fullmodel/armar/torso) by extension 'colcon_meta'
[0.170s] Level 1:colcon.colcon_core.package_identification:_identify(grasp_test_files/robots/ArmarIII/fullmodel/armar/torso) by extensions ['ros']
[0.170s] Level 1:colcon.colcon_core.package_identification:_identify(grasp_test_files/robots/ArmarIII/fullmodel/armar/torso) by extension 'ros'
[0.170s] Level 1:colcon.colcon_core.package_identification:_identify(grasp_test_files/robots/ArmarIII/fullmodel/armar/torso) by extensions ['cmake', 'python']
[0.170s] Level 1:colcon.colcon_core.package_identification:_identify(grasp_test_files/robots/ArmarIII/fullmodel/armar/torso) by extension 'cmake'
[0.170s] Level 1:colcon.colcon_core.package_identification:_identify(grasp_test_files/robots/ArmarIII/fullmodel/armar/torso) by extension 'python'
[0.170s] Level 1:colcon.colcon_core.package_identification:_identify(grasp_test_files/robots/ArmarIII/fullmodel/armar/torso) by extensions ['python_setup_py']
[0.170s] Level 1:colcon.colcon_core.package_identification:_identify(grasp_test_files/robots/ArmarIII/fullmodel/armar/torso) by extension 'python_setup_py'
[0.170s] Level 1:colcon.colcon_core.package_identification:_identify(grasp_test_files/robots/Schunk_SAH) by extensions ['ignore', 'ignore_ament_install']
[0.170s] Level 1:colcon.colcon_core.package_identification:_identify(grasp_test_files/robots/Schunk_SAH) by extension 'ignore'
[0.170s] Level 1:colcon.colcon_core.package_identification:_identify(grasp_test_files/robots/Schunk_SAH) by extension 'ignore_ament_install'
[0.170s] Level 1:colcon.colcon_core.package_identification:_identify(grasp_test_files/robots/Schunk_SAH) by extensions ['colcon_pkg']
[0.170s] Level 1:colcon.colcon_core.package_identification:_identify(grasp_test_files/robots/Schunk_SAH) by extension 'colcon_pkg'
[0.170s] Level 1:colcon.colcon_core.package_identification:_identify(grasp_test_files/robots/Schunk_SAH) by extensions ['colcon_meta']
[0.170s] Level 1:colcon.colcon_core.package_identification:_identify(grasp_test_files/robots/Schunk_SAH) by extension 'colcon_meta'
[0.170s] Level 1:colcon.colcon_core.package_identification:_identify(grasp_test_files/robots/Schunk_SAH) by extensions ['ros']
[0.170s] Level 1:colcon.colcon_core.package_identification:_identify(grasp_test_files/robots/Schunk_SAH) by extension 'ros'
[0.170s] Level 1:colcon.colcon_core.package_identification:_identify(grasp_test_files/robots/Schunk_SAH) by extensions ['cmake', 'python']
[0.170s] Level 1:colcon.colcon_core.package_identification:_identify(grasp_test_files/robots/Schunk_SAH) by extension 'cmake'
[0.170s] Level 1:colcon.colcon_core.package_identification:_identify(grasp_test_files/robots/Schunk_SAH) by extension 'python'
[0.170s] Level 1:colcon.colcon_core.package_identification:_identify(grasp_test_files/robots/Schunk_SAH) by extensions ['python_setup_py']
[0.170s] Level 1:colcon.colcon_core.package_identification:_identify(grasp_test_files/robots/Schunk_SAH) by extension 'python_setup_py'
[0.170s] Level 1:colcon.colcon_core.package_identification:_identify(grasp_test_files/robots/Schunk_SAH/model) by extensions ['ignore', 'ignore_ament_install']
[0.170s] Level 1:colcon.colcon_core.package_identification:_identify(grasp_test_files/robots/Schunk_SAH/model) by extension 'ignore'
[0.170s] Level 1:colcon.colcon_core.package_identification:_identify(grasp_test_files/robots/Schunk_SAH/model) by extension 'ignore_ament_install'
[0.170s] Level 1:colcon.colcon_core.package_identification:_identify(grasp_test_files/robots/Schunk_SAH/model) by extensions ['colcon_pkg']
[0.170s] Level 1:colcon.colcon_core.package_identification:_identify(grasp_test_files/robots/Schunk_SAH/model) by extension 'colcon_pkg'
[0.170s] Level 1:colcon.colcon_core.package_identification:_identify(grasp_test_files/robots/Schunk_SAH/model) by extensions ['colcon_meta']
[0.170s] Level 1:colcon.colcon_core.package_identification:_identify(grasp_test_files/robots/Schunk_SAH/model) by extension 'colcon_meta'
[0.170s] Level 1:colcon.colcon_core.package_identification:_identify(grasp_test_files/robots/Schunk_SAH/model) by extensions ['ros']
[0.170s] Level 1:colcon.colcon_core.package_identification:_identify(grasp_test_files/robots/Schunk_SAH/model) by extension 'ros'
[0.171s] Level 1:colcon.colcon_core.package_identification:_identify(grasp_test_files/robots/Schunk_SAH/model) by extensions ['cmake', 'python']
[0.171s] Level 1:colcon.colcon_core.package_identification:_identify(grasp_test_files/robots/Schunk_SAH/model) by extension 'cmake'
[0.171s] Level 1:colcon.colcon_core.package_identification:_identify(grasp_test_files/robots/Schunk_SAH/model) by extension 'python'
[0.171s] Level 1:colcon.colcon_core.package_identification:_identify(grasp_test_files/robots/Schunk_SAH/model) by extensions ['python_setup_py']
[0.171s] Level 1:colcon.colcon_core.package_identification:_identify(grasp_test_files/robots/Schunk_SAH/model) by extension 'python_setup_py'
[0.171s] Level 1:colcon.colcon_core.package_identification:_identify(grasp_test_files/robots/Schunk_SDH) by extensions ['ignore', 'ignore_ament_install']
[0.171s] Level 1:colcon.colcon_core.package_identification:_identify(grasp_test_files/robots/Schunk_SDH) by extension 'ignore'
[0.171s] Level 1:colcon.colcon_core.package_identification:_identify(grasp_test_files/robots/Schunk_SDH) by extension 'ignore_ament_install'
[0.171s] Level 1:colcon.colcon_core.package_identification:_identify(grasp_test_files/robots/Schunk_SDH) by extensions ['colcon_pkg']
[0.171s] Level 1:colcon.colcon_core.package_identification:_identify(grasp_test_files/robots/Schunk_SDH) by extension 'colcon_pkg'
[0.171s] Level 1:colcon.colcon_core.package_identification:_identify(grasp_test_files/robots/Schunk_SDH) by extensions ['colcon_meta']
[0.171s] Level 1:colcon.colcon_core.package_identification:_identify(grasp_test_files/robots/Schunk_SDH) by extension 'colcon_meta'
[0.171s] Level 1:colcon.colcon_core.package_identification:_identify(grasp_test_files/robots/Schunk_SDH) by extensions ['ros']
[0.171s] Level 1:colcon.colcon_core.package_identification:_identify(grasp_test_files/robots/Schunk_SDH) by extension 'ros'
[0.171s] Level 1:colcon.colcon_core.package_identification:_identify(grasp_test_files/robots/Schunk_SDH) by extensions ['cmake', 'python']
[0.171s] Level 1:colcon.colcon_core.package_identification:_identify(grasp_test_files/robots/Schunk_SDH) by extension 'cmake'
[0.171s] Level 1:colcon.colcon_core.package_identification:_identify(grasp_test_files/robots/Schunk_SDH) by extension 'python'
[0.171s] Level 1:colcon.colcon_core.package_identification:_identify(grasp_test_files/robots/Schunk_SDH) by extensions ['python_setup_py']
[0.171s] Level 1:colcon.colcon_core.package_identification:_identify(grasp_test_files/robots/Schunk_SDH) by extension 'python_setup_py'
[0.171s] Level 1:colcon.colcon_core.package_identification:_identify(grasp_test_files/robots/Schunk_SDH/models) by extensions ['ignore', 'ignore_ament_install']
[0.171s] Level 1:colcon.colcon_core.package_identification:_identify(grasp_test_files/robots/Schunk_SDH/models) by extension 'ignore'
[0.171s] Level 1:colcon.colcon_core.package_identification:_identify(grasp_test_files/robots/Schunk_SDH/models) by extension 'ignore_ament_install'
[0.171s] Level 1:colcon.colcon_core.package_identification:_identify(grasp_test_files/robots/Schunk_SDH/models) by extensions ['colcon_pkg']
[0.171s] Level 1:colcon.colcon_core.package_identification:_identify(grasp_test_files/robots/Schunk_SDH/models) by extension 'colcon_pkg'
[0.171s] Level 1:colcon.colcon_core.package_identification:_identify(grasp_test_files/robots/Schunk_SDH/models) by extensions ['colcon_meta']
[0.171s] Level 1:colcon.colcon_core.package_identification:_identify(grasp_test_files/robots/Schunk_SDH/models) by extension 'colcon_meta'
[0.171s] Level 1:colcon.colcon_core.package_identification:_identify(grasp_test_files/robots/Schunk_SDH/models) by extensions ['ros']
[0.171s] Level 1:colcon.colcon_core.package_identification:_identify(grasp_test_files/robots/Schunk_SDH/models) by extension 'ros'
[0.171s] Level 1:colcon.colcon_core.package_identification:_identify(grasp_test_files/robots/Schunk_SDH/models) by extensions ['cmake', 'python']
[0.171s] Level 1:colcon.colcon_core.package_identification:_identify(grasp_test_files/robots/Schunk_SDH/models) by extension 'cmake'
[0.171s] Level 1:colcon.colcon_core.package_identification:_identify(grasp_test_files/robots/Schunk_SDH/models) by extension 'python'
[0.171s] Level 1:colcon.colcon_core.package_identification:_identify(grasp_test_files/robots/Schunk_SDH/models) by extensions ['python_setup_py']
[0.171s] Level 1:colcon.colcon_core.package_identification:_identify(grasp_test_files/robots/Schunk_SDH/models) by extension 'python_setup_py'
[0.172s] Level 1:colcon.colcon_core.package_identification:_identify(grasp_test_files/robots/Shadow_Dexterous_Hand) by extensions ['ignore', 'ignore_ament_install']
[0.172s] Level 1:colcon.colcon_core.package_identification:_identify(grasp_test_files/robots/Shadow_Dexterous_Hand) by extension 'ignore'
[0.172s] Level 1:colcon.colcon_core.package_identification:_identify(grasp_test_files/robots/Shadow_Dexterous_Hand) by extension 'ignore_ament_install'
[0.172s] Level 1:colcon.colcon_core.package_identification:_identify(grasp_test_files/robots/Shadow_Dexterous_Hand) by extensions ['colcon_pkg']
[0.172s] Level 1:colcon.colcon_core.package_identification:_identify(grasp_test_files/robots/Shadow_Dexterous_Hand) by extension 'colcon_pkg'
[0.172s] Level 1:colcon.colcon_core.package_identification:_identify(grasp_test_files/robots/Shadow_Dexterous_Hand) by extensions ['colcon_meta']
[0.172s] Level 1:colcon.colcon_core.package_identification:_identify(grasp_test_files/robots/Shadow_Dexterous_Hand) by extension 'colcon_meta'
[0.172s] Level 1:colcon.colcon_core.package_identification:_identify(grasp_test_files/robots/Shadow_Dexterous_Hand) by extensions ['ros']
[0.172s] Level 1:colcon.colcon_core.package_identification:_identify(grasp_test_files/robots/Shadow_Dexterous_Hand) by extension 'ros'
[0.172s] Level 1:colcon.colcon_core.package_identification:_identify(grasp_test_files/robots/Shadow_Dexterous_Hand) by extensions ['cmake', 'python']
[0.172s] Level 1:colcon.colcon_core.package_identification:_identify(grasp_test_files/robots/Shadow_Dexterous_Hand) by extension 'cmake'
[0.172s] Level 1:colcon.colcon_core.package_identification:_identify(grasp_test_files/robots/Shadow_Dexterous_Hand) by extension 'python'
[0.172s] Level 1:colcon.colcon_core.package_identification:_identify(grasp_test_files/robots/Shadow_Dexterous_Hand) by extensions ['python_setup_py']
[0.172s] Level 1:colcon.colcon_core.package_identification:_identify(grasp_test_files/robots/Shadow_Dexterous_Hand) by extension 'python_setup_py'
[0.172s] Level 1:colcon.colcon_core.package_identification:_identify(grasp_test_files/robots/Shadow_Dexterous_Hand/model) by extensions ['ignore', 'ignore_ament_install']
[0.172s] Level 1:colcon.colcon_core.package_identification:_identify(grasp_test_files/robots/Shadow_Dexterous_Hand/model) by extension 'ignore'
[0.172s] Level 1:colcon.colcon_core.package_identification:_identify(grasp_test_files/robots/Shadow_Dexterous_Hand/model) by extension 'ignore_ament_install'
[0.172s] Level 1:colcon.colcon_core.package_identification:_identify(grasp_test_files/robots/Shadow_Dexterous_Hand/model) by extensions ['colcon_pkg']
[0.172s] Level 1:colcon.colcon_core.package_identification:_identify(grasp_test_files/robots/Shadow_Dexterous_Hand/model) by extension 'colcon_pkg'
[0.172s] Level 1:colcon.colcon_core.package_identification:_identify(grasp_test_files/robots/Shadow_Dexterous_Hand/model) by extensions ['colcon_meta']
[0.172s] Level 1:colcon.colcon_core.package_identification:_identify(grasp_test_files/robots/Shadow_Dexterous_Hand/model) by extension 'colcon_meta'
[0.172s] Level 1:colcon.colcon_core.package_identification:_identify(grasp_test_files/robots/Shadow_Dexterous_Hand/model) by extensions ['ros']
[0.172s] Level 1:colcon.colcon_core.package_identification:_identify(grasp_test_files/robots/Shadow_Dexterous_Hand/model) by extension 'ros'
[0.172s] Level 1:colcon.colcon_core.package_identification:_identify(grasp_test_files/robots/Shadow_Dexterous_Hand/model) by extensions ['cmake', 'python']
[0.172s] Level 1:colcon.colcon_core.package_identification:_identify(grasp_test_files/robots/Shadow_Dexterous_Hand/model) by extension 'cmake'
[0.172s] Level 1:colcon.colcon_core.package_identification:_identify(grasp_test_files/robots/Shadow_Dexterous_Hand/model) by extension 'python'
[0.172s] Level 1:colcon.colcon_core.package_identification:_identify(grasp_test_files/robots/Shadow_Dexterous_Hand/model) by extensions ['python_setup_py']
[0.172s] Level 1:colcon.colcon_core.package_identification:_identify(grasp_test_files/robots/Shadow_Dexterous_Hand/model) by extension 'python_setup_py'
[0.172s] Level 1:colcon.colcon_core.package_identification:_identify(grasp_test_files/robots/examples) by extensions ['ignore', 'ignore_ament_install']
[0.172s] Level 1:colcon.colcon_core.package_identification:_identify(grasp_test_files/robots/examples) by extension 'ignore'
[0.173s] Level 1:colcon.colcon_core.package_identification:_identify(grasp_test_files/robots/examples) by extension 'ignore_ament_install'
[0.173s] Level 1:colcon.colcon_core.package_identification:_identify(grasp_test_files/robots/examples) by extensions ['colcon_pkg']
[0.173s] Level 1:colcon.colcon_core.package_identification:_identify(grasp_test_files/robots/examples) by extension 'colcon_pkg'
[0.173s] Level 1:colcon.colcon_core.package_identification:_identify(grasp_test_files/robots/examples) by extensions ['colcon_meta']
[0.173s] Level 1:colcon.colcon_core.package_identification:_identify(grasp_test_files/robots/examples) by extension 'colcon_meta'
[0.173s] Level 1:colcon.colcon_core.package_identification:_identify(grasp_test_files/robots/examples) by extensions ['ros']
[0.173s] Level 1:colcon.colcon_core.package_identification:_identify(grasp_test_files/robots/examples) by extension 'ros'
[0.173s] Level 1:colcon.colcon_core.package_identification:_identify(grasp_test_files/robots/examples) by extensions ['cmake', 'python']
[0.173s] Level 1:colcon.colcon_core.package_identification:_identify(grasp_test_files/robots/examples) by extension 'cmake'
[0.173s] Level 1:colcon.colcon_core.package_identification:_identify(grasp_test_files/robots/examples) by extension 'python'
[0.173s] Level 1:colcon.colcon_core.package_identification:_identify(grasp_test_files/robots/examples) by extensions ['python_setup_py']
[0.173s] Level 1:colcon.colcon_core.package_identification:_identify(grasp_test_files/robots/examples) by extension 'python_setup_py'
[0.173s] Level 1:colcon.colcon_core.package_identification:_identify(grasp_test_files/robots/examples/HemisphereJoint) by extensions ['ignore', 'ignore_ament_install']
[0.173s] Level 1:colcon.colcon_core.package_identification:_identify(grasp_test_files/robots/examples/HemisphereJoint) by extension 'ignore'
[0.173s] Level 1:colcon.colcon_core.package_identification:_identify(grasp_test_files/robots/examples/HemisphereJoint) by extension 'ignore_ament_install'
[0.173s] Level 1:colcon.colcon_core.package_identification:_identify(grasp_test_files/robots/examples/HemisphereJoint) by extensions ['colcon_pkg']
[0.173s] Level 1:colcon.colcon_core.package_identification:_identify(grasp_test_files/robots/examples/HemisphereJoint) by extension 'colcon_pkg'
[0.173s] Level 1:colcon.colcon_core.package_identification:_identify(grasp_test_files/robots/examples/HemisphereJoint) by extensions ['colcon_meta']
[0.173s] Level 1:colcon.colcon_core.package_identification:_identify(grasp_test_files/robots/examples/HemisphereJoint) by extension 'colcon_meta'
[0.173s] Level 1:colcon.colcon_core.package_identification:_identify(grasp_test_files/robots/examples/HemisphereJoint) by extensions ['ros']
[0.173s] Level 1:colcon.colcon_core.package_identification:_identify(grasp_test_files/robots/examples/HemisphereJoint) by extension 'ros'
[0.173s] Level 1:colcon.colcon_core.package_identification:_identify(grasp_test_files/robots/examples/HemisphereJoint) by extensions ['cmake', 'python']
[0.173s] Level 1:colcon.colcon_core.package_identification:_identify(grasp_test_files/robots/examples/HemisphereJoint) by extension 'cmake'
[0.173s] Level 1:colcon.colcon_core.package_identification:_identify(grasp_test_files/robots/examples/HemisphereJoint) by extension 'python'
[0.173s] Level 1:colcon.colcon_core.package_identification:_identify(grasp_test_files/robots/examples/HemisphereJoint) by extensions ['python_setup_py']
[0.173s] Level 1:colcon.colcon_core.package_identification:_identify(grasp_test_files/robots/examples/HemisphereJoint) by extension 'python_setup_py'
[0.173s] Level 1:colcon.colcon_core.package_identification:_identify(grasp_test_files/robots/examples/MultiThreadedPlanning) by extensions ['ignore', 'ignore_ament_install']
[0.173s] Level 1:colcon.colcon_core.package_identification:_identify(grasp_test_files/robots/examples/MultiThreadedPlanning) by extension 'ignore'
[0.173s] Level 1:colcon.colcon_core.package_identification:_identify(grasp_test_files/robots/examples/MultiThreadedPlanning) by extension 'ignore_ament_install'
[0.173s] Level 1:colcon.colcon_core.package_identification:_identify(grasp_test_files/robots/examples/MultiThreadedPlanning) by extensions ['colcon_pkg']
[0.173s] Level 1:colcon.colcon_core.package_identification:_identify(grasp_test_files/robots/examples/MultiThreadedPlanning) by extension 'colcon_pkg'
[0.173s] Level 1:colcon.colcon_core.package_identification:_identify(grasp_test_files/robots/examples/MultiThreadedPlanning) by extensions ['colcon_meta']
[0.173s] Level 1:colcon.colcon_core.package_identification:_identify(grasp_test_files/robots/examples/MultiThreadedPlanning) by extension 'colcon_meta'
[0.173s] Level 1:colcon.colcon_core.package_identification:_identify(grasp_test_files/robots/examples/MultiThreadedPlanning) by extensions ['ros']
[0.173s] Level 1:colcon.colcon_core.package_identification:_identify(grasp_test_files/robots/examples/MultiThreadedPlanning) by extension 'ros'
[0.173s] Level 1:colcon.colcon_core.package_identification:_identify(grasp_test_files/robots/examples/MultiThreadedPlanning) by extensions ['cmake', 'python']
[0.173s] Level 1:colcon.colcon_core.package_identification:_identify(grasp_test_files/robots/examples/MultiThreadedPlanning) by extension 'cmake'
[0.173s] Level 1:colcon.colcon_core.package_identification:_identify(grasp_test_files/robots/examples/MultiThreadedPlanning) by extension 'python'
[0.173s] Level 1:colcon.colcon_core.package_identification:_identify(grasp_test_files/robots/examples/MultiThreadedPlanning) by extensions ['python_setup_py']
[0.174s] Level 1:colcon.colcon_core.package_identification:_identify(grasp_test_files/robots/examples/MultiThreadedPlanning) by extension 'python_setup_py'
[0.174s] Level 1:colcon.colcon_core.package_identification:_identify(grasp_test_files/robots/examples/RobotViewerOSG) by extensions ['ignore', 'ignore_ament_install']
[0.174s] Level 1:colcon.colcon_core.package_identification:_identify(grasp_test_files/robots/examples/RobotViewerOSG) by extension 'ignore'
[0.174s] Level 1:colcon.colcon_core.package_identification:_identify(grasp_test_files/robots/examples/RobotViewerOSG) by extension 'ignore_ament_install'
[0.174s] Level 1:colcon.colcon_core.package_identification:_identify(grasp_test_files/robots/examples/RobotViewerOSG) by extensions ['colcon_pkg']
[0.174s] Level 1:colcon.colcon_core.package_identification:_identify(grasp_test_files/robots/examples/RobotViewerOSG) by extension 'colcon_pkg'
[0.174s] Level 1:colcon.colcon_core.package_identification:_identify(grasp_test_files/robots/examples/RobotViewerOSG) by extensions ['colcon_meta']
[0.174s] Level 1:colcon.colcon_core.package_identification:_identify(grasp_test_files/robots/examples/RobotViewerOSG) by extension 'colcon_meta'
[0.174s] Level 1:colcon.colcon_core.package_identification:_identify(grasp_test_files/robots/examples/RobotViewerOSG) by extensions ['ros']
[0.174s] Level 1:colcon.colcon_core.package_identification:_identify(grasp_test_files/robots/examples/RobotViewerOSG) by extension 'ros'
[0.174s] Level 1:colcon.colcon_core.package_identification:_identify(grasp_test_files/robots/examples/RobotViewerOSG) by extensions ['cmake', 'python']
[0.174s] Level 1:colcon.colcon_core.package_identification:_identify(grasp_test_files/robots/examples/RobotViewerOSG) by extension 'cmake'
[0.174s] Level 1:colcon.colcon_core.package_identification:_identify(grasp_test_files/robots/examples/RobotViewerOSG) by extension 'python'
[0.174s] Level 1:colcon.colcon_core.package_identification:_identify(grasp_test_files/robots/examples/RobotViewerOSG) by extensions ['python_setup_py']
[0.174s] Level 1:colcon.colcon_core.package_identification:_identify(grasp_test_files/robots/examples/RobotViewerOSG) by extension 'python_setup_py'
[0.174s] Level 1:colcon.colcon_core.package_identification:_identify(grasp_test_files/robots/examples/RrtDemo) by extensions ['ignore', 'ignore_ament_install']
[0.174s] Level 1:colcon.colcon_core.package_identification:_identify(grasp_test_files/robots/examples/RrtDemo) by extension 'ignore'
[0.174s] Level 1:colcon.colcon_core.package_identification:_identify(grasp_test_files/robots/examples/RrtDemo) by extension 'ignore_ament_install'
[0.174s] Level 1:colcon.colcon_core.package_identification:_identify(grasp_test_files/robots/examples/RrtDemo) by extensions ['colcon_pkg']
[0.174s] Level 1:colcon.colcon_core.package_identification:_identify(grasp_test_files/robots/examples/RrtDemo) by extension 'colcon_pkg'
[0.174s] Level 1:colcon.colcon_core.package_identification:_identify(grasp_test_files/robots/examples/RrtDemo) by extensions ['colcon_meta']
[0.174s] Level 1:colcon.colcon_core.package_identification:_identify(grasp_test_files/robots/examples/RrtDemo) by extension 'colcon_meta'
[0.174s] Level 1:colcon.colcon_core.package_identification:_identify(grasp_test_files/robots/examples/RrtDemo) by extensions ['ros']
[0.174s] Level 1:colcon.colcon_core.package_identification:_identify(grasp_test_files/robots/examples/RrtDemo) by extension 'ros'
[0.174s] Level 1:colcon.colcon_core.package_identification:_identify(grasp_test_files/robots/examples/RrtDemo) by extensions ['cmake', 'python']
[0.174s] Level 1:colcon.colcon_core.package_identification:_identify(grasp_test_files/robots/examples/RrtDemo) by extension 'cmake'
[0.174s] Level 1:colcon.colcon_core.package_identification:_identify(grasp_test_files/robots/examples/RrtDemo) by extension 'python'
[0.174s] Level 1:colcon.colcon_core.package_identification:_identify(grasp_test_files/robots/examples/RrtDemo) by extensions ['python_setup_py']
[0.174s] Level 1:colcon.colcon_core.package_identification:_identify(grasp_test_files/robots/examples/RrtDemo) by extension 'python_setup_py'
[0.174s] Level 1:colcon.colcon_core.package_identification:_identify(grasp_test_files/robots/examples/SimpleRobot) by extensions ['ignore', 'ignore_ament_install']
[0.174s] Level 1:colcon.colcon_core.package_identification:_identify(grasp_test_files/robots/examples/SimpleRobot) by extension 'ignore'
[0.174s] Level 1:colcon.colcon_core.package_identification:_identify(grasp_test_files/robots/examples/SimpleRobot) by extension 'ignore_ament_install'
[0.174s] Level 1:colcon.colcon_core.package_identification:_identify(grasp_test_files/robots/examples/SimpleRobot) by extensions ['colcon_pkg']
[0.174s] Level 1:colcon.colcon_core.package_identification:_identify(grasp_test_files/robots/examples/SimpleRobot) by extension 'colcon_pkg'
[0.174s] Level 1:colcon.colcon_core.package_identification:_identify(grasp_test_files/robots/examples/SimpleRobot) by extensions ['colcon_meta']
[0.174s] Level 1:colcon.colcon_core.package_identification:_identify(grasp_test_files/robots/examples/SimpleRobot) by extension 'colcon_meta'
[0.174s] Level 1:colcon.colcon_core.package_identification:_identify(grasp_test_files/robots/examples/SimpleRobot) by extensions ['ros']
[0.174s] Level 1:colcon.colcon_core.package_identification:_identify(grasp_test_files/robots/examples/SimpleRobot) by extension 'ros'
[0.175s] Level 1:colcon.colcon_core.package_identification:_identify(grasp_test_files/robots/examples/SimpleRobot) by extensions ['cmake', 'python']
[0.175s] Level 1:colcon.colcon_core.package_identification:_identify(grasp_test_files/robots/examples/SimpleRobot) by extension 'cmake'
[0.175s] Level 1:colcon.colcon_core.package_identification:_identify(grasp_test_files/robots/examples/SimpleRobot) by extension 'python'
[0.175s] Level 1:colcon.colcon_core.package_identification:_identify(grasp_test_files/robots/examples/SimpleRobot) by extensions ['python_setup_py']
[0.175s] Level 1:colcon.colcon_core.package_identification:_identify(grasp_test_files/robots/examples/SimpleRobot) by extension 'python_setup_py'
[0.175s] Level 1:colcon.colcon_core.package_identification:_identify(grasp_test_files/robots/examples/loadRobot) by extensions ['ignore', 'ignore_ament_install']
[0.175s] Level 1:colcon.colcon_core.package_identification:_identify(grasp_test_files/robots/examples/loadRobot) by extension 'ignore'
[0.175s] Level 1:colcon.colcon_core.package_identification:_identify(grasp_test_files/robots/examples/loadRobot) by extension 'ignore_ament_install'
[0.175s] Level 1:colcon.colcon_core.package_identification:_identify(grasp_test_files/robots/examples/loadRobot) by extensions ['colcon_pkg']
[0.175s] Level 1:colcon.colcon_core.package_identification:_identify(grasp_test_files/robots/examples/loadRobot) by extension 'colcon_pkg'
[0.175s] Level 1:colcon.colcon_core.package_identification:_identify(grasp_test_files/robots/examples/loadRobot) by extensions ['colcon_meta']
[0.175s] Level 1:colcon.colcon_core.package_identification:_identify(grasp_test_files/robots/examples/loadRobot) by extension 'colcon_meta'
[0.175s] Level 1:colcon.colcon_core.package_identification:_identify(grasp_test_files/robots/examples/loadRobot) by extensions ['ros']
[0.175s] Level 1:colcon.colcon_core.package_identification:_identify(grasp_test_files/robots/examples/loadRobot) by extension 'ros'
[0.175s] Level 1:colcon.colcon_core.package_identification:_identify(grasp_test_files/robots/examples/loadRobot) by extensions ['cmake', 'python']
[0.175s] Level 1:colcon.colcon_core.package_identification:_identify(grasp_test_files/robots/examples/loadRobot) by extension 'cmake'
[0.175s] Level 1:colcon.colcon_core.package_identification:_identify(grasp_test_files/robots/examples/loadRobot) by extension 'python'
[0.175s] Level 1:colcon.colcon_core.package_identification:_identify(grasp_test_files/robots/examples/loadRobot) by extensions ['python_setup_py']
[0.175s] Level 1:colcon.colcon_core.package_identification:_identify(grasp_test_files/robots/examples/loadRobot) by extension 'python_setup_py'
[0.175s] Level 1:colcon.colcon_core.package_identification:_identify(grasp_test_files/robots/iCub) by extensions ['ignore', 'ignore_ament_install']
[0.175s] Level 1:colcon.colcon_core.package_identification:_identify(grasp_test_files/robots/iCub) by extension 'ignore'
[0.175s] Level 1:colcon.colcon_core.package_identification:_identify(grasp_test_files/robots/iCub) by extension 'ignore_ament_install'
[0.175s] Level 1:colcon.colcon_core.package_identification:_identify(grasp_test_files/robots/iCub) by extensions ['colcon_pkg']
[0.175s] Level 1:colcon.colcon_core.package_identification:_identify(grasp_test_files/robots/iCub) by extension 'colcon_pkg'
[0.175s] Level 1:colcon.colcon_core.package_identification:_identify(grasp_test_files/robots/iCub) by extensions ['colcon_meta']
[0.175s] Level 1:colcon.colcon_core.package_identification:_identify(grasp_test_files/robots/iCub) by extension 'colcon_meta'
[0.175s] Level 1:colcon.colcon_core.package_identification:_identify(grasp_test_files/robots/iCub) by extensions ['ros']
[0.175s] Level 1:colcon.colcon_core.package_identification:_identify(grasp_test_files/robots/iCub) by extension 'ros'
[0.175s] Level 1:colcon.colcon_core.package_identification:_identify(grasp_test_files/robots/iCub) by extensions ['cmake', 'python']
[0.175s] Level 1:colcon.colcon_core.package_identification:_identify(grasp_test_files/robots/iCub) by extension 'cmake'
[0.175s] Level 1:colcon.colcon_core.package_identification:_identify(grasp_test_files/robots/iCub) by extension 'python'
[0.175s] Level 1:colcon.colcon_core.package_identification:_identify(grasp_test_files/robots/iCub) by extensions ['python_setup_py']
[0.175s] Level 1:colcon.colcon_core.package_identification:_identify(grasp_test_files/robots/iCub) by extension 'python_setup_py'
[0.175s] Level 1:colcon.colcon_core.package_identification:_identify(grasp_test_files/robots/iCub/model) by extensions ['ignore', 'ignore_ament_install']
[0.175s] Level 1:colcon.colcon_core.package_identification:_identify(grasp_test_files/robots/iCub/model) by extension 'ignore'
[0.175s] Level 1:colcon.colcon_core.package_identification:_identify(grasp_test_files/robots/iCub/model) by extension 'ignore_ament_install'
[0.175s] Level 1:colcon.colcon_core.package_identification:_identify(grasp_test_files/robots/iCub/model) by extensions ['colcon_pkg']
[0.176s] Level 1:colcon.colcon_core.package_identification:_identify(grasp_test_files/robots/iCub/model) by extension 'colcon_pkg'
[0.176s] Level 1:colcon.colcon_core.package_identification:_identify(grasp_test_files/robots/iCub/model) by extensions ['colcon_meta']
[0.176s] Level 1:colcon.colcon_core.package_identification:_identify(grasp_test_files/robots/iCub/model) by extension 'colcon_meta'
[0.176s] Level 1:colcon.colcon_core.package_identification:_identify(grasp_test_files/robots/iCub/model) by extensions ['ros']
[0.176s] Level 1:colcon.colcon_core.package_identification:_identify(grasp_test_files/robots/iCub/model) by extension 'ros'
[0.176s] Level 1:colcon.colcon_core.package_identification:_identify(grasp_test_files/robots/iCub/model) by extensions ['cmake', 'python']
[0.176s] Level 1:colcon.colcon_core.package_identification:_identify(grasp_test_files/robots/iCub/model) by extension 'cmake'
[0.176s] Level 1:colcon.colcon_core.package_identification:_identify(grasp_test_files/robots/iCub/model) by extension 'python'
[0.176s] Level 1:colcon.colcon_core.package_identification:_identify(grasp_test_files/robots/iCub/model) by extensions ['python_setup_py']
[0.176s] Level 1:colcon.colcon_core.package_identification:_identify(grasp_test_files/robots/iCub/model) by extension 'python_setup_py'
[0.176s] Level 1:colcon.colcon_core.package_identification:_identify(grasp_test_files/robots/iCub/model/Arms) by extensions ['ignore', 'ignore_ament_install']
[0.176s] Level 1:colcon.colcon_core.package_identification:_identify(grasp_test_files/robots/iCub/model/Arms) by extension 'ignore'
[0.176s] Level 1:colcon.colcon_core.package_identification:_identify(grasp_test_files/robots/iCub/model/Arms) by extension 'ignore_ament_install'
[0.176s] Level 1:colcon.colcon_core.package_identification:_identify(grasp_test_files/robots/iCub/model/Arms) by extensions ['colcon_pkg']
[0.176s] Level 1:colcon.colcon_core.package_identification:_identify(grasp_test_files/robots/iCub/model/Arms) by extension 'colcon_pkg'
[0.176s] Level 1:colcon.colcon_core.package_identification:_identify(grasp_test_files/robots/iCub/model/Arms) by extensions ['colcon_meta']
[0.176s] Level 1:colcon.colcon_core.package_identification:_identify(grasp_test_files/robots/iCub/model/Arms) by extension 'colcon_meta'
[0.176s] Level 1:colcon.colcon_core.package_identification:_identify(grasp_test_files/robots/iCub/model/Arms) by extensions ['ros']
[0.176s] Level 1:colcon.colcon_core.package_identification:_identify(grasp_test_files/robots/iCub/model/Arms) by extension 'ros'
[0.176s] Level 1:colcon.colcon_core.package_identification:_identify(grasp_test_files/robots/iCub/model/Arms) by extensions ['cmake', 'python']
[0.176s] Level 1:colcon.colcon_core.package_identification:_identify(grasp_test_files/robots/iCub/model/Arms) by extension 'cmake'
[0.176s] Level 1:colcon.colcon_core.package_identification:_identify(grasp_test_files/robots/iCub/model/Arms) by extension 'python'
[0.176s] Level 1:colcon.colcon_core.package_identification:_identify(grasp_test_files/robots/iCub/model/Arms) by extensions ['python_setup_py']
[0.176s] Level 1:colcon.colcon_core.package_identification:_identify(grasp_test_files/robots/iCub/model/Arms) by extension 'python_setup_py'
[0.176s] Level 1:colcon.colcon_core.package_identification:_identify(grasp_test_files/robots/iCub/model/Head) by extensions ['ignore', 'ignore_ament_install']
[0.176s] Level 1:colcon.colcon_core.package_identification:_identify(grasp_test_files/robots/iCub/model/Head) by extension 'ignore'
[0.176s] Level 1:colcon.colcon_core.package_identification:_identify(grasp_test_files/robots/iCub/model/Head) by extension 'ignore_ament_install'
[0.176s] Level 1:colcon.colcon_core.package_identification:_identify(grasp_test_files/robots/iCub/model/Head) by extensions ['colcon_pkg']
[0.177s] Level 1:colcon.colcon_core.package_identification:_identify(grasp_test_files/robots/iCub/model/Head) by extension 'colcon_pkg'
[0.177s] Level 1:colcon.colcon_core.package_identification:_identify(grasp_test_files/robots/iCub/model/Head) by extensions ['colcon_meta']
[0.177s] Level 1:colcon.colcon_core.package_identification:_identify(grasp_test_files/robots/iCub/model/Head) by extension 'colcon_meta'
[0.177s] Level 1:colcon.colcon_core.package_identification:_identify(grasp_test_files/robots/iCub/model/Head) by extensions ['ros']
[0.177s] Level 1:colcon.colcon_core.package_identification:_identify(grasp_test_files/robots/iCub/model/Head) by extension 'ros'
[0.177s] Level 1:colcon.colcon_core.package_identification:_identify(grasp_test_files/robots/iCub/model/Head) by extensions ['cmake', 'python']
[0.177s] Level 1:colcon.colcon_core.package_identification:_identify(grasp_test_files/robots/iCub/model/Head) by extension 'cmake'
[0.177s] Level 1:colcon.colcon_core.package_identification:_identify(grasp_test_files/robots/iCub/model/Head) by extension 'python'
[0.177s] Level 1:colcon.colcon_core.package_identification:_identify(grasp_test_files/robots/iCub/model/Head) by extensions ['python_setup_py']
[0.177s] Level 1:colcon.colcon_core.package_identification:_identify(grasp_test_files/robots/iCub/model/Head) by extension 'python_setup_py'
[0.177s] Level 1:colcon.colcon_core.package_identification:_identify(grasp_test_files/robots/iCub/model/LeftHand) by extensions ['ignore', 'ignore_ament_install']
[0.177s] Level 1:colcon.colcon_core.package_identification:_identify(grasp_test_files/robots/iCub/model/LeftHand) by extension 'ignore'
[0.177s] Level 1:colcon.colcon_core.package_identification:_identify(grasp_test_files/robots/iCub/model/LeftHand) by extension 'ignore_ament_install'
[0.177s] Level 1:colcon.colcon_core.package_identification:_identify(grasp_test_files/robots/iCub/model/LeftHand) by extensions ['colcon_pkg']
[0.177s] Level 1:colcon.colcon_core.package_identification:_identify(grasp_test_files/robots/iCub/model/LeftHand) by extension 'colcon_pkg'
[0.177s] Level 1:colcon.colcon_core.package_identification:_identify(grasp_test_files/robots/iCub/model/LeftHand) by extensions ['colcon_meta']
[0.177s] Level 1:colcon.colcon_core.package_identification:_identify(grasp_test_files/robots/iCub/model/LeftHand) by extension 'colcon_meta'
[0.177s] Level 1:colcon.colcon_core.package_identification:_identify(grasp_test_files/robots/iCub/model/LeftHand) by extensions ['ros']
[0.177s] Level 1:colcon.colcon_core.package_identification:_identify(grasp_test_files/robots/iCub/model/LeftHand) by extension 'ros'
[0.177s] Level 1:colcon.colcon_core.package_identification:_identify(grasp_test_files/robots/iCub/model/LeftHand) by extensions ['cmake', 'python']
[0.177s] Level 1:colcon.colcon_core.package_identification:_identify(grasp_test_files/robots/iCub/model/LeftHand) by extension 'cmake'
[0.177s] Level 1:colcon.colcon_core.package_identification:_identify(grasp_test_files/robots/iCub/model/LeftHand) by extension 'python'
[0.177s] Level 1:colcon.colcon_core.package_identification:_identify(grasp_test_files/robots/iCub/model/LeftHand) by extensions ['python_setup_py']
[0.177s] Level 1:colcon.colcon_core.package_identification:_identify(grasp_test_files/robots/iCub/model/LeftHand) by extension 'python_setup_py'
[0.177s] Level 1:colcon.colcon_core.package_identification:_identify(grasp_test_files/robots/iCub/model/LeftHand/LeftIndexFinger) by extensions ['ignore', 'ignore_ament_install']
[0.177s] Level 1:colcon.colcon_core.package_identification:_identify(grasp_test_files/robots/iCub/model/LeftHand/LeftIndexFinger) by extension 'ignore'
[0.177s] Level 1:colcon.colcon_core.package_identification:_identify(grasp_test_files/robots/iCub/model/LeftHand/LeftIndexFinger) by extension 'ignore_ament_install'
[0.177s] Level 1:colcon.colcon_core.package_identification:_identify(grasp_test_files/robots/iCub/model/LeftHand/LeftIndexFinger) by extensions ['colcon_pkg']
[0.177s] Level 1:colcon.colcon_core.package_identification:_identify(grasp_test_files/robots/iCub/model/LeftHand/LeftIndexFinger) by extension 'colcon_pkg'
[0.177s] Level 1:colcon.colcon_core.package_identification:_identify(grasp_test_files/robots/iCub/model/LeftHand/LeftIndexFinger) by extensions ['colcon_meta']
[0.177s] Level 1:colcon.colcon_core.package_identification:_identify(grasp_test_files/robots/iCub/model/LeftHand/LeftIndexFinger) by extension 'colcon_meta'
[0.177s] Level 1:colcon.colcon_core.package_identification:_identify(grasp_test_files/robots/iCub/model/LeftHand/LeftIndexFinger) by extensions ['ros']
[0.177s] Level 1:colcon.colcon_core.package_identification:_identify(grasp_test_files/robots/iCub/model/LeftHand/LeftIndexFinger) by extension 'ros'
[0.177s] Level 1:colcon.colcon_core.package_identification:_identify(grasp_test_files/robots/iCub/model/LeftHand/LeftIndexFinger) by extensions ['cmake', 'python']
[0.177s] Level 1:colcon.colcon_core.package_identification:_identify(grasp_test_files/robots/iCub/model/LeftHand/LeftIndexFinger) by extension 'cmake'
[0.177s] Level 1:colcon.colcon_core.package_identification:_identify(grasp_test_files/robots/iCub/model/LeftHand/LeftIndexFinger) by extension 'python'
[0.177s] Level 1:colcon.colcon_core.package_identification:_identify(grasp_test_files/robots/iCub/model/LeftHand/LeftIndexFinger) by extensions ['python_setup_py']
[0.177s] Level 1:colcon.colcon_core.package_identification:_identify(grasp_test_files/robots/iCub/model/LeftHand/LeftIndexFinger) by extension 'python_setup_py'
[0.178s] Level 1:colcon.colcon_core.package_identification:_identify(grasp_test_files/robots/iCub/model/LeftHand/LeftMiddleFinger) by extensions ['ignore', 'ignore_ament_install']
[0.178s] Level 1:colcon.colcon_core.package_identification:_identify(grasp_test_files/robots/iCub/model/LeftHand/LeftMiddleFinger) by extension 'ignore'
[0.178s] Level 1:colcon.colcon_core.package_identification:_identify(grasp_test_files/robots/iCub/model/LeftHand/LeftMiddleFinger) by extension 'ignore_ament_install'
[0.178s] Level 1:colcon.colcon_core.package_identification:_identify(grasp_test_files/robots/iCub/model/LeftHand/LeftMiddleFinger) by extensions ['colcon_pkg']
[0.178s] Level 1:colcon.colcon_core.package_identification:_identify(grasp_test_files/robots/iCub/model/LeftHand/LeftMiddleFinger) by extension 'colcon_pkg'
[0.178s] Level 1:colcon.colcon_core.package_identification:_identify(grasp_test_files/robots/iCub/model/LeftHand/LeftMiddleFinger) by extensions ['colcon_meta']
[0.178s] Level 1:colcon.colcon_core.package_identification:_identify(grasp_test_files/robots/iCub/model/LeftHand/LeftMiddleFinger) by extension 'colcon_meta'
[0.178s] Level 1:colcon.colcon_core.package_identification:_identify(grasp_test_files/robots/iCub/model/LeftHand/LeftMiddleFinger) by extensions ['ros']
[0.178s] Level 1:colcon.colcon_core.package_identification:_identify(grasp_test_files/robots/iCub/model/LeftHand/LeftMiddleFinger) by extension 'ros'
[0.178s] Level 1:colcon.colcon_core.package_identification:_identify(grasp_test_files/robots/iCub/model/LeftHand/LeftMiddleFinger) by extensions ['cmake', 'python']
[0.178s] Level 1:colcon.colcon_core.package_identification:_identify(grasp_test_files/robots/iCub/model/LeftHand/LeftMiddleFinger) by extension 'cmake'
[0.178s] Level 1:colcon.colcon_core.package_identification:_identify(grasp_test_files/robots/iCub/model/LeftHand/LeftMiddleFinger) by extension 'python'
[0.178s] Level 1:colcon.colcon_core.package_identification:_identify(grasp_test_files/robots/iCub/model/LeftHand/LeftMiddleFinger) by extensions ['python_setup_py']
[0.178s] Level 1:colcon.colcon_core.package_identification:_identify(grasp_test_files/robots/iCub/model/LeftHand/LeftMiddleFinger) by extension 'python_setup_py'
[0.178s] Level 1:colcon.colcon_core.package_identification:_identify(grasp_test_files/robots/iCub/model/LeftHand/LeftRingFinger) by extensions ['ignore', 'ignore_ament_install']
[0.178s] Level 1:colcon.colcon_core.package_identification:_identify(grasp_test_files/robots/iCub/model/LeftHand/LeftRingFinger) by extension 'ignore'
[0.178s] Level 1:colcon.colcon_core.package_identification:_identify(grasp_test_files/robots/iCub/model/LeftHand/LeftRingFinger) by extension 'ignore_ament_install'
[0.178s] Level 1:colcon.colcon_core.package_identification:_identify(grasp_test_files/robots/iCub/model/LeftHand/LeftRingFinger) by extensions ['colcon_pkg']
[0.178s] Level 1:colcon.colcon_core.package_identification:_identify(grasp_test_files/robots/iCub/model/LeftHand/LeftRingFinger) by extension 'colcon_pkg'
[0.178s] Level 1:colcon.colcon_core.package_identification:_identify(grasp_test_files/robots/iCub/model/LeftHand/LeftRingFinger) by extensions ['colcon_meta']
[0.178s] Level 1:colcon.colcon_core.package_identification:_identify(grasp_test_files/robots/iCub/model/LeftHand/LeftRingFinger) by extension 'colcon_meta'
[0.178s] Level 1:colcon.colcon_core.package_identification:_identify(grasp_test_files/robots/iCub/model/LeftHand/LeftRingFinger) by extensions ['ros']
[0.178s] Level 1:colcon.colcon_core.package_identification:_identify(grasp_test_files/robots/iCub/model/LeftHand/LeftRingFinger) by extension 'ros'
[0.178s] Level 1:colcon.colcon_core.package_identification:_identify(grasp_test_files/robots/iCub/model/LeftHand/LeftRingFinger) by extensions ['cmake', 'python']
[0.178s] Level 1:colcon.colcon_core.package_identification:_identify(grasp_test_files/robots/iCub/model/LeftHand/LeftRingFinger) by extension 'cmake'
[0.178s] Level 1:colcon.colcon_core.package_identification:_identify(grasp_test_files/robots/iCub/model/LeftHand/LeftRingFinger) by extension 'python'
[0.178s] Level 1:colcon.colcon_core.package_identification:_identify(grasp_test_files/robots/iCub/model/LeftHand/LeftRingFinger) by extensions ['python_setup_py']
[0.178s] Level 1:colcon.colcon_core.package_identification:_identify(grasp_test_files/robots/iCub/model/LeftHand/LeftRingFinger) by extension 'python_setup_py'
[0.178s] Level 1:colcon.colcon_core.package_identification:_identify(grasp_test_files/robots/iCub/model/LeftHand/LeftSmallFinger) by extensions ['ignore', 'ignore_ament_install']
[0.178s] Level 1:colcon.colcon_core.package_identification:_identify(grasp_test_files/robots/iCub/model/LeftHand/LeftSmallFinger) by extension 'ignore'
[0.178s] Level 1:colcon.colcon_core.package_identification:_identify(grasp_test_files/robots/iCub/model/LeftHand/LeftSmallFinger) by extension 'ignore_ament_install'
[0.178s] Level 1:colcon.colcon_core.package_identification:_identify(grasp_test_files/robots/iCub/model/LeftHand/LeftSmallFinger) by extensions ['colcon_pkg']
[0.178s] Level 1:colcon.colcon_core.package_identification:_identify(grasp_test_files/robots/iCub/model/LeftHand/LeftSmallFinger) by extension 'colcon_pkg'
[0.178s] Level 1:colcon.colcon_core.package_identification:_identify(grasp_test_files/robots/iCub/model/LeftHand/LeftSmallFinger) by extensions ['colcon_meta']
[0.178s] Level 1:colcon.colcon_core.package_identification:_identify(grasp_test_files/robots/iCub/model/LeftHand/LeftSmallFinger) by extension 'colcon_meta'
[0.179s] Level 1:colcon.colcon_core.package_identification:_identify(grasp_test_files/robots/iCub/model/LeftHand/LeftSmallFinger) by extensions ['ros']
[0.179s] Level 1:colcon.colcon_core.package_identification:_identify(grasp_test_files/robots/iCub/model/LeftHand/LeftSmallFinger) by extension 'ros'
[0.179s] Level 1:colcon.colcon_core.package_identification:_identify(grasp_test_files/robots/iCub/model/LeftHand/LeftSmallFinger) by extensions ['cmake', 'python']
[0.179s] Level 1:colcon.colcon_core.package_identification:_identify(grasp_test_files/robots/iCub/model/LeftHand/LeftSmallFinger) by extension 'cmake'
[0.179s] Level 1:colcon.colcon_core.package_identification:_identify(grasp_test_files/robots/iCub/model/LeftHand/LeftSmallFinger) by extension 'python'
[0.179s] Level 1:colcon.colcon_core.package_identification:_identify(grasp_test_files/robots/iCub/model/LeftHand/LeftSmallFinger) by extensions ['python_setup_py']
[0.179s] Level 1:colcon.colcon_core.package_identification:_identify(grasp_test_files/robots/iCub/model/LeftHand/LeftSmallFinger) by extension 'python_setup_py'
[0.179s] Level 1:colcon.colcon_core.package_identification:_identify(grasp_test_files/robots/iCub/model/LeftHand/LeftThumb) by extensions ['ignore', 'ignore_ament_install']
[0.179s] Level 1:colcon.colcon_core.package_identification:_identify(grasp_test_files/robots/iCub/model/LeftHand/LeftThumb) by extension 'ignore'
[0.179s] Level 1:colcon.colcon_core.package_identification:_identify(grasp_test_files/robots/iCub/model/LeftHand/LeftThumb) by extension 'ignore_ament_install'
[0.179s] Level 1:colcon.colcon_core.package_identification:_identify(grasp_test_files/robots/iCub/model/LeftHand/LeftThumb) by extensions ['colcon_pkg']
[0.179s] Level 1:colcon.colcon_core.package_identification:_identify(grasp_test_files/robots/iCub/model/LeftHand/LeftThumb) by extension 'colcon_pkg'
[0.179s] Level 1:colcon.colcon_core.package_identification:_identify(grasp_test_files/robots/iCub/model/LeftHand/LeftThumb) by extensions ['colcon_meta']
[0.179s] Level 1:colcon.colcon_core.package_identification:_identify(grasp_test_files/robots/iCub/model/LeftHand/LeftThumb) by extension 'colcon_meta'
[0.179s] Level 1:colcon.colcon_core.package_identification:_identify(grasp_test_files/robots/iCub/model/LeftHand/LeftThumb) by extensions ['ros']
[0.179s] Level 1:colcon.colcon_core.package_identification:_identify(grasp_test_files/robots/iCub/model/LeftHand/LeftThumb) by extension 'ros'
[0.179s] Level 1:colcon.colcon_core.package_identification:_identify(grasp_test_files/robots/iCub/model/LeftHand/LeftThumb) by extensions ['cmake', 'python']
[0.179s] Level 1:colcon.colcon_core.package_identification:_identify(grasp_test_files/robots/iCub/model/LeftHand/LeftThumb) by extension 'cmake'
[0.179s] Level 1:colcon.colcon_core.package_identification:_identify(grasp_test_files/robots/iCub/model/LeftHand/LeftThumb) by extension 'python'
[0.179s] Level 1:colcon.colcon_core.package_identification:_identify(grasp_test_files/robots/iCub/model/LeftHand/LeftThumb) by extensions ['python_setup_py']
[0.179s] Level 1:colcon.colcon_core.package_identification:_identify(grasp_test_files/robots/iCub/model/LeftHand/LeftThumb) by extension 'python_setup_py'
[0.179s] Level 1:colcon.colcon_core.package_identification:_identify(grasp_test_files/robots/iCub/model/Legs) by extensions ['ignore', 'ignore_ament_install']
[0.179s] Level 1:colcon.colcon_core.package_identification:_identify(grasp_test_files/robots/iCub/model/Legs) by extension 'ignore'
[0.179s] Level 1:colcon.colcon_core.package_identification:_identify(grasp_test_files/robots/iCub/model/Legs) by extension 'ignore_ament_install'
[0.179s] Level 1:colcon.colcon_core.package_identification:_identify(grasp_test_files/robots/iCub/model/Legs) by extensions ['colcon_pkg']
[0.179s] Level 1:colcon.colcon_core.package_identification:_identify(grasp_test_files/robots/iCub/model/Legs) by extension 'colcon_pkg'
[0.179s] Level 1:colcon.colcon_core.package_identification:_identify(grasp_test_files/robots/iCub/model/Legs) by extensions ['colcon_meta']
[0.179s] Level 1:colcon.colcon_core.package_identification:_identify(grasp_test_files/robots/iCub/model/Legs) by extension 'colcon_meta'
[0.179s] Level 1:colcon.colcon_core.package_identification:_identify(grasp_test_files/robots/iCub/model/Legs) by extensions ['ros']
[0.179s] Level 1:colcon.colcon_core.package_identification:_identify(grasp_test_files/robots/iCub/model/Legs) by extension 'ros'
[0.179s] Level 1:colcon.colcon_core.package_identification:_identify(grasp_test_files/robots/iCub/model/Legs) by extensions ['cmake', 'python']
[0.179s] Level 1:colcon.colcon_core.package_identification:_identify(grasp_test_files/robots/iCub/model/Legs) by extension 'cmake'
[0.179s] Level 1:colcon.colcon_core.package_identification:_identify(grasp_test_files/robots/iCub/model/Legs) by extension 'python'
[0.179s] Level 1:colcon.colcon_core.package_identification:_identify(grasp_test_files/robots/iCub/model/Legs) by extensions ['python_setup_py']
[0.179s] Level 1:colcon.colcon_core.package_identification:_identify(grasp_test_files/robots/iCub/model/Legs) by extension 'python_setup_py'
[0.179s] Level 1:colcon.colcon_core.package_identification:_identify(grasp_test_files/robots/iCub/model/RightHand) by extensions ['ignore', 'ignore_ament_install']
[0.180s] Level 1:colcon.colcon_core.package_identification:_identify(grasp_test_files/robots/iCub/model/RightHand) by extension 'ignore'
[0.180s] Level 1:colcon.colcon_core.package_identification:_identify(grasp_test_files/robots/iCub/model/RightHand) by extension 'ignore_ament_install'
[0.180s] Level 1:colcon.colcon_core.package_identification:_identify(grasp_test_files/robots/iCub/model/RightHand) by extensions ['colcon_pkg']
[0.180s] Level 1:colcon.colcon_core.package_identification:_identify(grasp_test_files/robots/iCub/model/RightHand) by extension 'colcon_pkg'
[0.180s] Level 1:colcon.colcon_core.package_identification:_identify(grasp_test_files/robots/iCub/model/RightHand) by extensions ['colcon_meta']
[0.180s] Level 1:colcon.colcon_core.package_identification:_identify(grasp_test_files/robots/iCub/model/RightHand) by extension 'colcon_meta'
[0.180s] Level 1:colcon.colcon_core.package_identification:_identify(grasp_test_files/robots/iCub/model/RightHand) by extensions ['ros']
[0.180s] Level 1:colcon.colcon_core.package_identification:_identify(grasp_test_files/robots/iCub/model/RightHand) by extension 'ros'
[0.180s] Level 1:colcon.colcon_core.package_identification:_identify(grasp_test_files/robots/iCub/model/RightHand) by extensions ['cmake', 'python']
[0.180s] Level 1:colcon.colcon_core.package_identification:_identify(grasp_test_files/robots/iCub/model/RightHand) by extension 'cmake'
[0.180s] Level 1:colcon.colcon_core.package_identification:_identify(grasp_test_files/robots/iCub/model/RightHand) by extension 'python'
[0.180s] Level 1:colcon.colcon_core.package_identification:_identify(grasp_test_files/robots/iCub/model/RightHand) by extensions ['python_setup_py']
[0.180s] Level 1:colcon.colcon_core.package_identification:_identify(grasp_test_files/robots/iCub/model/RightHand) by extension 'python_setup_py'
[0.180s] Level 1:colcon.colcon_core.package_identification:_identify(grasp_test_files/robots/iCub/model/RightHand/RightIndex) by extensions ['ignore', 'ignore_ament_install']
[0.180s] Level 1:colcon.colcon_core.package_identification:_identify(grasp_test_files/robots/iCub/model/RightHand/RightIndex) by extension 'ignore'
[0.180s] Level 1:colcon.colcon_core.package_identification:_identify(grasp_test_files/robots/iCub/model/RightHand/RightIndex) by extension 'ignore_ament_install'
[0.180s] Level 1:colcon.colcon_core.package_identification:_identify(grasp_test_files/robots/iCub/model/RightHand/RightIndex) by extensions ['colcon_pkg']
[0.180s] Level 1:colcon.colcon_core.package_identification:_identify(grasp_test_files/robots/iCub/model/RightHand/RightIndex) by extension 'colcon_pkg'
[0.180s] Level 1:colcon.colcon_core.package_identification:_identify(grasp_test_files/robots/iCub/model/RightHand/RightIndex) by extensions ['colcon_meta']
[0.180s] Level 1:colcon.colcon_core.package_identification:_identify(grasp_test_files/robots/iCub/model/RightHand/RightIndex) by extension 'colcon_meta'
[0.180s] Level 1:colcon.colcon_core.package_identification:_identify(grasp_test_files/robots/iCub/model/RightHand/RightIndex) by extensions ['ros']
[0.180s] Level 1:colcon.colcon_core.package_identification:_identify(grasp_test_files/robots/iCub/model/RightHand/RightIndex) by extension 'ros'
[0.180s] Level 1:colcon.colcon_core.package_identification:_identify(grasp_test_files/robots/iCub/model/RightHand/RightIndex) by extensions ['cmake', 'python']
[0.180s] Level 1:colcon.colcon_core.package_identification:_identify(grasp_test_files/robots/iCub/model/RightHand/RightIndex) by extension 'cmake'
[0.180s] Level 1:colcon.colcon_core.package_identification:_identify(grasp_test_files/robots/iCub/model/RightHand/RightIndex) by extension 'python'
[0.180s] Level 1:colcon.colcon_core.package_identification:_identify(grasp_test_files/robots/iCub/model/RightHand/RightIndex) by extensions ['python_setup_py']
[0.180s] Level 1:colcon.colcon_core.package_identification:_identify(grasp_test_files/robots/iCub/model/RightHand/RightIndex) by extension 'python_setup_py'
[0.180s] Level 1:colcon.colcon_core.package_identification:_identify(grasp_test_files/robots/iCub/model/RightHand/RightMiddle) by extensions ['ignore', 'ignore_ament_install']
[0.180s] Level 1:colcon.colcon_core.package_identification:_identify(grasp_test_files/robots/iCub/model/RightHand/RightMiddle) by extension 'ignore'
[0.180s] Level 1:colcon.colcon_core.package_identification:_identify(grasp_test_files/robots/iCub/model/RightHand/RightMiddle) by extension 'ignore_ament_install'
[0.180s] Level 1:colcon.colcon_core.package_identification:_identify(grasp_test_files/robots/iCub/model/RightHand/RightMiddle) by extensions ['colcon_pkg']
[0.180s] Level 1:colcon.colcon_core.package_identification:_identify(grasp_test_files/robots/iCub/model/RightHand/RightMiddle) by extension 'colcon_pkg'
[0.180s] Level 1:colcon.colcon_core.package_identification:_identify(grasp_test_files/robots/iCub/model/RightHand/RightMiddle) by extensions ['colcon_meta']
[0.180s] Level 1:colcon.colcon_core.package_identification:_identify(grasp_test_files/robots/iCub/model/RightHand/RightMiddle) by extension 'colcon_meta'
[0.180s] Level 1:colcon.colcon_core.package_identification:_identify(grasp_test_files/robots/iCub/model/RightHand/RightMiddle) by extensions ['ros']
[0.180s] Level 1:colcon.colcon_core.package_identification:_identify(grasp_test_files/robots/iCub/model/RightHand/RightMiddle) by extension 'ros'
[0.181s] Level 1:colcon.colcon_core.package_identification:_identify(grasp_test_files/robots/iCub/model/RightHand/RightMiddle) by extensions ['cmake', 'python']
[0.181s] Level 1:colcon.colcon_core.package_identification:_identify(grasp_test_files/robots/iCub/model/RightHand/RightMiddle) by extension 'cmake'
[0.181s] Level 1:colcon.colcon_core.package_identification:_identify(grasp_test_files/robots/iCub/model/RightHand/RightMiddle) by extension 'python'
[0.181s] Level 1:colcon.colcon_core.package_identification:_identify(grasp_test_files/robots/iCub/model/RightHand/RightMiddle) by extensions ['python_setup_py']
[0.181s] Level 1:colcon.colcon_core.package_identification:_identify(grasp_test_files/robots/iCub/model/RightHand/RightMiddle) by extension 'python_setup_py'
[0.181s] Level 1:colcon.colcon_core.package_identification:_identify(grasp_test_files/robots/iCub/model/RightHand/RightPinky) by extensions ['ignore', 'ignore_ament_install']
[0.181s] Level 1:colcon.colcon_core.package_identification:_identify(grasp_test_files/robots/iCub/model/RightHand/RightPinky) by extension 'ignore'
[0.181s] Level 1:colcon.colcon_core.package_identification:_identify(grasp_test_files/robots/iCub/model/RightHand/RightPinky) by extension 'ignore_ament_install'
[0.181s] Level 1:colcon.colcon_core.package_identification:_identify(grasp_test_files/robots/iCub/model/RightHand/RightPinky) by extensions ['colcon_pkg']
[0.181s] Level 1:colcon.colcon_core.package_identification:_identify(grasp_test_files/robots/iCub/model/RightHand/RightPinky) by extension 'colcon_pkg'
[0.181s] Level 1:colcon.colcon_core.package_identification:_identify(grasp_test_files/robots/iCub/model/RightHand/RightPinky) by extensions ['colcon_meta']
[0.181s] Level 1:colcon.colcon_core.package_identification:_identify(grasp_test_files/robots/iCub/model/RightHand/RightPinky) by extension 'colcon_meta'
[0.181s] Level 1:colcon.colcon_core.package_identification:_identify(grasp_test_files/robots/iCub/model/RightHand/RightPinky) by extensions ['ros']
[0.181s] Level 1:colcon.colcon_core.package_identification:_identify(grasp_test_files/robots/iCub/model/RightHand/RightPinky) by extension 'ros'
[0.181s] Level 1:colcon.colcon_core.package_identification:_identify(grasp_test_files/robots/iCub/model/RightHand/RightPinky) by extensions ['cmake', 'python']
[0.181s] Level 1:colcon.colcon_core.package_identification:_identify(grasp_test_files/robots/iCub/model/RightHand/RightPinky) by extension 'cmake'
[0.181s] Level 1:colcon.colcon_core.package_identification:_identify(grasp_test_files/robots/iCub/model/RightHand/RightPinky) by extension 'python'
[0.181s] Level 1:colcon.colcon_core.package_identification:_identify(grasp_test_files/robots/iCub/model/RightHand/RightPinky) by extensions ['python_setup_py']
[0.181s] Level 1:colcon.colcon_core.package_identification:_identify(grasp_test_files/robots/iCub/model/RightHand/RightPinky) by extension 'python_setup_py'
[0.181s] Level 1:colcon.colcon_core.package_identification:_identify(grasp_test_files/robots/iCub/model/RightHand/RightRing) by extensions ['ignore', 'ignore_ament_install']
[0.181s] Level 1:colcon.colcon_core.package_identification:_identify(grasp_test_files/robots/iCub/model/RightHand/RightRing) by extension 'ignore'
[0.181s] Level 1:colcon.colcon_core.package_identification:_identify(grasp_test_files/robots/iCub/model/RightHand/RightRing) by extension 'ignore_ament_install'
[0.181s] Level 1:colcon.colcon_core.package_identification:_identify(grasp_test_files/robots/iCub/model/RightHand/RightRing) by extensions ['colcon_pkg']
[0.181s] Level 1:colcon.colcon_core.package_identification:_identify(grasp_test_files/robots/iCub/model/RightHand/RightRing) by extension 'colcon_pkg'
[0.181s] Level 1:colcon.colcon_core.package_identification:_identify(grasp_test_files/robots/iCub/model/RightHand/RightRing) by extensions ['colcon_meta']
[0.181s] Level 1:colcon.colcon_core.package_identification:_identify(grasp_test_files/robots/iCub/model/RightHand/RightRing) by extension 'colcon_meta'
[0.181s] Level 1:colcon.colcon_core.package_identification:_identify(grasp_test_files/robots/iCub/model/RightHand/RightRing) by extensions ['ros']
[0.181s] Level 1:colcon.colcon_core.package_identification:_identify(grasp_test_files/robots/iCub/model/RightHand/RightRing) by extension 'ros'
[0.181s] Level 1:colcon.colcon_core.package_identification:_identify(grasp_test_files/robots/iCub/model/RightHand/RightRing) by extensions ['cmake', 'python']
[0.181s] Level 1:colcon.colcon_core.package_identification:_identify(grasp_test_files/robots/iCub/model/RightHand/RightRing) by extension 'cmake'
[0.181s] Level 1:colcon.colcon_core.package_identification:_identify(grasp_test_files/robots/iCub/model/RightHand/RightRing) by extension 'python'
[0.181s] Level 1:colcon.colcon_core.package_identification:_identify(grasp_test_files/robots/iCub/model/RightHand/RightRing) by extensions ['python_setup_py']
[0.181s] Level 1:colcon.colcon_core.package_identification:_identify(grasp_test_files/robots/iCub/model/RightHand/RightRing) by extension 'python_setup_py'
[0.181s] Level 1:colcon.colcon_core.package_identification:_identify(grasp_test_files/robots/iCub/model/RightHand/RightThumb) by extensions ['ignore', 'ignore_ament_install']
[0.181s] Level 1:colcon.colcon_core.package_identification:_identify(grasp_test_files/robots/iCub/model/RightHand/RightThumb) by extension 'ignore'
[0.182s] Level 1:colcon.colcon_core.package_identification:_identify(grasp_test_files/robots/iCub/model/RightHand/RightThumb) by extension 'ignore_ament_install'
[0.182s] Level 1:colcon.colcon_core.package_identification:_identify(grasp_test_files/robots/iCub/model/RightHand/RightThumb) by extensions ['colcon_pkg']
[0.182s] Level 1:colcon.colcon_core.package_identification:_identify(grasp_test_files/robots/iCub/model/RightHand/RightThumb) by extension 'colcon_pkg'
[0.182s] Level 1:colcon.colcon_core.package_identification:_identify(grasp_test_files/robots/iCub/model/RightHand/RightThumb) by extensions ['colcon_meta']
[0.182s] Level 1:colcon.colcon_core.package_identification:_identify(grasp_test_files/robots/iCub/model/RightHand/RightThumb) by extension 'colcon_meta'
[0.182s] Level 1:colcon.colcon_core.package_identification:_identify(grasp_test_files/robots/iCub/model/RightHand/RightThumb) by extensions ['ros']
[0.182s] Level 1:colcon.colcon_core.package_identification:_identify(grasp_test_files/robots/iCub/model/RightHand/RightThumb) by extension 'ros'
[0.182s] Level 1:colcon.colcon_core.package_identification:_identify(grasp_test_files/robots/iCub/model/RightHand/RightThumb) by extensions ['cmake', 'python']
[0.182s] Level 1:colcon.colcon_core.package_identification:_identify(grasp_test_files/robots/iCub/model/RightHand/RightThumb) by extension 'cmake'
[0.182s] Level 1:colcon.colcon_core.package_identification:_identify(grasp_test_files/robots/iCub/model/RightHand/RightThumb) by extension 'python'
[0.182s] Level 1:colcon.colcon_core.package_identification:_identify(grasp_test_files/robots/iCub/model/RightHand/RightThumb) by extensions ['python_setup_py']
[0.182s] Level 1:colcon.colcon_core.package_identification:_identify(grasp_test_files/robots/iCub/model/RightHand/RightThumb) by extension 'python_setup_py'
[0.182s] Level 1:colcon.colcon_core.package_identification:_identify(grasp_test_files/robots/urdf) by extensions ['ignore', 'ignore_ament_install']
[0.182s] Level 1:colcon.colcon_core.package_identification:_identify(grasp_test_files/robots/urdf) by extension 'ignore'
[0.182s] Level 1:colcon.colcon_core.package_identification:_identify(grasp_test_files/robots/urdf) by extension 'ignore_ament_install'
[0.182s] Level 1:colcon.colcon_core.package_identification:_identify(grasp_test_files/robots/urdf) by extensions ['colcon_pkg']
[0.182s] Level 1:colcon.colcon_core.package_identification:_identify(grasp_test_files/robots/urdf) by extension 'colcon_pkg'
[0.182s] Level 1:colcon.colcon_core.package_identification:_identify(grasp_test_files/robots/urdf) by extensions ['colcon_meta']
[0.182s] Level 1:colcon.colcon_core.package_identification:_identify(grasp_test_files/robots/urdf) by extension 'colcon_meta'
[0.182s] Level 1:colcon.colcon_core.package_identification:_identify(grasp_test_files/robots/urdf) by extensions ['ros']
[0.182s] Level 1:colcon.colcon_core.package_identification:_identify(grasp_test_files/robots/urdf) by extension 'ros'
[0.182s] Level 1:colcon.colcon_core.package_identification:_identify(grasp_test_files/robots/urdf) by extensions ['cmake', 'python']
[0.182s] Level 1:colcon.colcon_core.package_identification:_identify(grasp_test_files/robots/urdf) by extension 'cmake'
[0.182s] Level 1:colcon.colcon_core.package_identification:_identify(grasp_test_files/robots/urdf) by extension 'python'
[0.182s] Level 1:colcon.colcon_core.package_identification:_identify(grasp_test_files/robots/urdf) by extensions ['python_setup_py']
[0.182s] Level 1:colcon.colcon_core.package_identification:_identify(grasp_test_files/robots/urdf) by extension 'python_setup_py'
[0.182s] Level 1:colcon.colcon_core.package_identification:_identify(grasp_test_files/robots/urdf/atlas_description) by extensions ['ignore', 'ignore_ament_install']
[0.182s] Level 1:colcon.colcon_core.package_identification:_identify(grasp_test_files/robots/urdf/atlas_description) by extension 'ignore'
[0.182s] Level 1:colcon.colcon_core.package_identification:_identify(grasp_test_files/robots/urdf/atlas_description) by extension 'ignore_ament_install'
[0.182s] Level 1:colcon.colcon_core.package_identification:_identify(grasp_test_files/robots/urdf/atlas_description) by extensions ['colcon_pkg']
[0.182s] Level 1:colcon.colcon_core.package_identification:_identify(grasp_test_files/robots/urdf/atlas_description) by extension 'colcon_pkg'
[0.182s] Level 1:colcon.colcon_core.package_identification:_identify(grasp_test_files/robots/urdf/atlas_description) by extensions ['colcon_meta']
[0.182s] Level 1:colcon.colcon_core.package_identification:_identify(grasp_test_files/robots/urdf/atlas_description) by extension 'colcon_meta'
[0.182s] Level 1:colcon.colcon_core.package_identification:_identify(grasp_test_files/robots/urdf/atlas_description) by extensions ['ros']
[0.182s] Level 1:colcon.colcon_core.package_identification:_identify(grasp_test_files/robots/urdf/atlas_description) by extension 'ros'
[0.182s] Level 1:colcon.colcon_core.package_identification:_identify(grasp_test_files/robots/urdf/atlas_description) by extensions ['cmake', 'python']
[0.182s] Level 1:colcon.colcon_core.package_identification:_identify(grasp_test_files/robots/urdf/atlas_description) by extension 'cmake'
[0.182s] Level 1:colcon.colcon_core.package_identification:_identify(grasp_test_files/robots/urdf/atlas_description) by extension 'python'
[0.182s] Level 1:colcon.colcon_core.package_identification:_identify(grasp_test_files/robots/urdf/atlas_description) by extensions ['python_setup_py']
[0.182s] Level 1:colcon.colcon_core.package_identification:_identify(grasp_test_files/robots/urdf/atlas_description) by extension 'python_setup_py'
[0.183s] Level 1:colcon.colcon_core.package_identification:_identify(grasp_test_files/robots/urdf/atlas_description/meshes_v3) by extensions ['ignore', 'ignore_ament_install']
[0.183s] Level 1:colcon.colcon_core.package_identification:_identify(grasp_test_files/robots/urdf/atlas_description/meshes_v3) by extension 'ignore'
[0.183s] Level 1:colcon.colcon_core.package_identification:_identify(grasp_test_files/robots/urdf/atlas_description/meshes_v3) by extension 'ignore_ament_install'
[0.183s] Level 1:colcon.colcon_core.package_identification:_identify(grasp_test_files/robots/urdf/atlas_description/meshes_v3) by extensions ['colcon_pkg']
[0.183s] Level 1:colcon.colcon_core.package_identification:_identify(grasp_test_files/robots/urdf/atlas_description/meshes_v3) by extension 'colcon_pkg'
[0.183s] Level 1:colcon.colcon_core.package_identification:_identify(grasp_test_files/robots/urdf/atlas_description/meshes_v3) by extensions ['colcon_meta']
[0.183s] Level 1:colcon.colcon_core.package_identification:_identify(grasp_test_files/robots/urdf/atlas_description/meshes_v3) by extension 'colcon_meta'
[0.183s] Level 1:colcon.colcon_core.package_identification:_identify(grasp_test_files/robots/urdf/atlas_description/meshes_v3) by extensions ['ros']
[0.183s] Level 1:colcon.colcon_core.package_identification:_identify(grasp_test_files/robots/urdf/atlas_description/meshes_v3) by extension 'ros'
[0.183s] Level 1:colcon.colcon_core.package_identification:_identify(grasp_test_files/robots/urdf/atlas_description/meshes_v3) by extensions ['cmake', 'python']
[0.183s] Level 1:colcon.colcon_core.package_identification:_identify(grasp_test_files/robots/urdf/atlas_description/meshes_v3) by extension 'cmake'
[0.183s] Level 1:colcon.colcon_core.package_identification:_identify(grasp_test_files/robots/urdf/atlas_description/meshes_v3) by extension 'python'
[0.183s] Level 1:colcon.colcon_core.package_identification:_identify(grasp_test_files/robots/urdf/atlas_description/meshes_v3) by extensions ['python_setup_py']
[0.183s] Level 1:colcon.colcon_core.package_identification:_identify(grasp_test_files/robots/urdf/atlas_description/meshes_v3) by extension 'python_setup_py'
[0.183s] Level 1:colcon.colcon_core.package_identification:_identify(grasp_test_files/robots/urdf/atlas_description/urdf) by extensions ['ignore', 'ignore_ament_install']
[0.183s] Level 1:colcon.colcon_core.package_identification:_identify(grasp_test_files/robots/urdf/atlas_description/urdf) by extension 'ignore'
[0.183s] Level 1:colcon.colcon_core.package_identification:_identify(grasp_test_files/robots/urdf/atlas_description/urdf) by extension 'ignore_ament_install'
[0.183s] Level 1:colcon.colcon_core.package_identification:_identify(grasp_test_files/robots/urdf/atlas_description/urdf) by extensions ['colcon_pkg']
[0.183s] Level 1:colcon.colcon_core.package_identification:_identify(grasp_test_files/robots/urdf/atlas_description/urdf) by extension 'colcon_pkg'
[0.183s] Level 1:colcon.colcon_core.package_identification:_identify(grasp_test_files/robots/urdf/atlas_description/urdf) by extensions ['colcon_meta']
[0.183s] Level 1:colcon.colcon_core.package_identification:_identify(grasp_test_files/robots/urdf/atlas_description/urdf) by extension 'colcon_meta'
[0.183s] Level 1:colcon.colcon_core.package_identification:_identify(grasp_test_files/robots/urdf/atlas_description/urdf) by extensions ['ros']
[0.183s] Level 1:colcon.colcon_core.package_identification:_identify(grasp_test_files/robots/urdf/atlas_description/urdf) by extension 'ros'
[0.183s] Level 1:colcon.colcon_core.package_identification:_identify(grasp_test_files/robots/urdf/atlas_description/urdf) by extensions ['cmake', 'python']
[0.183s] Level 1:colcon.colcon_core.package_identification:_identify(grasp_test_files/robots/urdf/atlas_description/urdf) by extension 'cmake'
[0.183s] Level 1:colcon.colcon_core.package_identification:_identify(grasp_test_files/robots/urdf/atlas_description/urdf) by extension 'python'
[0.183s] Level 1:colcon.colcon_core.package_identification:_identify(grasp_test_files/robots/urdf/atlas_description/urdf) by extensions ['python_setup_py']
[0.183s] Level 1:colcon.colcon_core.package_identification:_identify(grasp_test_files/robots/urdf/atlas_description/urdf) by extension 'python_setup_py'
[0.183s] Level 1:colcon.colcon_core.package_identification:_identify(install) by extensions ['ignore', 'ignore_ament_install']
[0.183s] Level 1:colcon.colcon_core.package_identification:_identify(install) by extension 'ignore'
[0.183s] Level 1:colcon.colcon_core.package_identification:_identify(install) ignored
[0.183s] Level 1:colcon.colcon_core.package_identification:_identify(log) by extensions ['ignore', 'ignore_ament_install']
[0.183s] Level 1:colcon.colcon_core.package_identification:_identify(log) by extension 'ignore'
[0.184s] Level 1:colcon.colcon_core.package_identification:_identify(log) ignored
[0.184s] Level 1:colcon.colcon_core.package_identification:_identify(src) by extensions ['ignore', 'ignore_ament_install']
[0.184s] Level 1:colcon.colcon_core.package_identification:_identify(src) by extension 'ignore'
[0.184s] Level 1:colcon.colcon_core.package_identification:_identify(src) by extension 'ignore_ament_install'
[0.184s] Level 1:colcon.colcon_core.package_identification:_identify(src) by extensions ['colcon_pkg']
[0.184s] Level 1:colcon.colcon_core.package_identification:_identify(src) by extension 'colcon_pkg'
[0.184s] Level 1:colcon.colcon_core.package_identification:_identify(src) by extensions ['colcon_meta']
[0.184s] Level 1:colcon.colcon_core.package_identification:_identify(src) by extension 'colcon_meta'
[0.184s] Level 1:colcon.colcon_core.package_identification:_identify(src) by extensions ['ros']
[0.184s] Level 1:colcon.colcon_core.package_identification:_identify(src) by extension 'ros'
[0.184s] Level 1:colcon.colcon_core.package_identification:_identify(src) by extensions ['cmake', 'python']
[0.184s] Level 1:colcon.colcon_core.package_identification:_identify(src) by extension 'cmake'
[0.184s] Level 1:colcon.colcon_core.package_identification:_identify(src) by extension 'python'
[0.184s] Level 1:colcon.colcon_core.package_identification:_identify(src) by extensions ['python_setup_py']
[0.184s] Level 1:colcon.colcon_core.package_identification:_identify(src) by extension 'python_setup_py'
[0.184s] Level 1:colcon.colcon_core.package_identification:_identify(src/grasp_planner_msgs) by extensions ['ignore', 'ignore_ament_install']
[0.184s] Level 1:colcon.colcon_core.package_identification:_identify(src/grasp_planner_msgs) by extension 'ignore'
[0.184s] Level 1:colcon.colcon_core.package_identification:_identify(src/grasp_planner_msgs) by extension 'ignore_ament_install'
[0.184s] Level 1:colcon.colcon_core.package_identification:_identify(src/grasp_planner_msgs) by extensions ['colcon_pkg']
[0.184s] Level 1:colcon.colcon_core.package_identification:_identify(src/grasp_planner_msgs) by extension 'colcon_pkg'
[0.184s] Level 1:colcon.colcon_core.package_identification:_identify(src/grasp_planner_msgs) by extensions ['colcon_meta']
[0.184s] Level 1:colcon.colcon_core.package_identification:_identify(src/grasp_planner_msgs) by extension 'colcon_meta'
[0.184s] Level 1:colcon.colcon_core.package_identification:_identify(src/grasp_planner_msgs) by extensions ['ros']
[0.184s] Level 1:colcon.colcon_core.package_identification:_identify(src/grasp_planner_msgs) by extension 'ros'
[0.186s] DEBUG:colcon.colcon_core.package_identification:Package 'src/grasp_planner_msgs' with type 'ros.ament_cmake' and name 'grasp_planner_msgs'
[0.186s] Level 1:colcon.colcon_core.package_identification:_identify(src/grasp_planner_service) by extensions ['ignore', 'ignore_ament_install']
[0.186s] Level 1:colcon.colcon_core.package_identification:_identify(src/grasp_planner_service) by extension 'ignore'
[0.186s] Level 1:colcon.colcon_core.package_identification:_identify(src/grasp_planner_service) by extension 'ignore_ament_install'
[0.186s] Level 1:colcon.colcon_core.package_identification:_identify(src/grasp_planner_service) by extensions ['colcon_pkg']
[0.186s] Level 1:colcon.colcon_core.package_identification:_identify(src/grasp_planner_service) by extension 'colcon_pkg'
[0.186s] Level 1:colcon.colcon_core.package_identification:_identify(src/grasp_planner_service) by extensions ['colcon_meta']
[0.186s] Level 1:colcon.colcon_core.package_identification:_identify(src/grasp_planner_service) by extension 'colcon_meta'
[0.186s] Level 1:colcon.colcon_core.package_identification:_identify(src/grasp_planner_service) by extensions ['ros']
[0.186s] Level 1:colcon.colcon_core.package_identification:_identify(src/grasp_planner_service) by extension 'ros'
[0.187s] DEBUG:colcon.colcon_core.package_identification:Package 'src/grasp_planner_service' with type 'ros.ament_cmake' and name 'grasp_planner_service'
[0.187s] Level 1:colcon.colcon_core.package_discovery:discover_packages(recursive) using defaults
[0.187s] Level 1:colcon.colcon_core.package_discovery:discover_packages(ignore) discover
[0.187s] Level 1:colcon.colcon_core.package_discovery:discover_packages(ignore) using defaults
[0.187s] Level 1:colcon.colcon_core.package_discovery:discover_packages(path) discover
[0.187s] Level 1:colcon.colcon_core.package_discovery:discover_packages(path) using defaults
[0.202s] Level 1:colcon.colcon_core.package_discovery:discover_packages(prefix_path) check parameters
[0.202s] Level 1:colcon.colcon_core.package_discovery:discover_packages(prefix_path) discover
[0.203s] DEBUG:colcon.colcon_installed_package_information.package_discovery:Found 18 installed packages in /home/zakaria/workspace/ros/install
[0.205s] DEBUG:colcon.colcon_installed_package_information.package_discovery:Found 491 installed packages in /opt/ros/jazzy
[0.206s] Level 1:colcon.colcon_core.package_discovery:discover_packages(prefix_path) using defaults
[0.259s] Level 5:colcon.colcon_core.verb:set package 'grasp_planner_msgs' build argument 'cmake_args' from command line to 'None'
[0.259s] Level 5:colcon.colcon_core.verb:set package 'grasp_planner_msgs' build argument 'cmake_target' from command line to 'None'
[0.259s] Level 5:colcon.colcon_core.verb:set package 'grasp_planner_msgs' build argument 'cmake_target_skip_unavailable' from command line to 'False'
[0.259s] Level 5:colcon.colcon_core.verb:set package 'grasp_planner_msgs' build argument 'cmake_clean_cache' from command line to 'False'
[0.259s] Level 5:colcon.colcon_core.verb:set package 'grasp_planner_msgs' build argument 'cmake_clean_first' from command line to 'False'
[0.259s] Level 5:colcon.colcon_core.verb:set package 'grasp_planner_msgs' build argument 'cmake_force_configure' from command line to 'False'
[0.259s] Level 5:colcon.colcon_core.verb:set package 'grasp_planner_msgs' build argument 'ament_cmake_args' from command line to 'None'
[0.259s] Level 5:colcon.colcon_core.verb:set package 'grasp_planner_msgs' build argument 'catkin_cmake_args' from command line to 'None'
[0.259s] Level 5:colcon.colcon_core.verb:set package 'grasp_planner_msgs' build argument 'catkin_skip_building_tests' from command line to 'False'
[0.259s] DEBUG:colcon.colcon_core.verb:Building package 'grasp_planner_msgs' with the following arguments: {'ament_cmake_args': None, 'build_base': '/home/zakaria/grasp_planner/build/grasp_planner_msgs', 'catkin_cmake_args': None, 'catkin_skip_building_tests': False, 'cmake_args': None, 'cmake_clean_cache': False, 'cmake_clean_first': False, 'cmake_force_configure': False, 'cmake_target': None, 'cmake_target_skip_unavailable': False, 'install_base': '/home/zakaria/grasp_planner/install/grasp_planner_msgs', 'merge_install': False, 'path': '/home/zakaria/grasp_planner/src/grasp_planner_msgs', 'symlink_install': False, 'test_result_base': None}
[0.259s] Level 5:colcon.colcon_core.verb:set package 'grasp_planner_service' build argument 'cmake_args' from command line to 'None'
[0.259s] Level 5:colcon.colcon_core.verb:set package 'grasp_planner_service' build argument 'cmake_target' from command line to 'None'
[0.259s] Level 5:colcon.colcon_core.verb:set package 'grasp_planner_service' build argument 'cmake_target_skip_unavailable' from command line to 'False'
[0.259s] Level 5:colcon.colcon_core.verb:set package 'grasp_planner_service' build argument 'cmake_clean_cache' from command line to 'False'
[0.259s] Level 5:colcon.colcon_core.verb:set package 'grasp_planner_service' build argument 'cmake_clean_first' from command line to 'False'
[0.259s] Level 5:colcon.colcon_core.verb:set package 'grasp_planner_service' build argument 'cmake_force_configure' from command line to 'False'
[0.259s] Level 5:colcon.colcon_core.verb:set package 'grasp_planner_service' build argument 'ament_cmake_args' from command line to 'None'
[0.259s] Level 5:colcon.colcon_core.verb:set package 'grasp_planner_service' build argument 'catkin_cmake_args' from command line to 'None'
[0.259s] Level 5:colcon.colcon_core.verb:set package 'grasp_planner_service' build argument 'catkin_skip_building_tests' from command line to 'False'
[0.259s] DEBUG:colcon.colcon_core.verb:Building package 'grasp_planner_service' with the following arguments: {'ament_cmake_args': None, 'build_base': '/home/zakaria/grasp_planner/build/grasp_planner_service', 'catkin_cmake_args': None, 'catkin_skip_building_tests': False, 'cmake_args': None, 'cmake_clean_cache': False, 'cmake_clean_first': False, 'cmake_force_configure': False, 'cmake_target': None, 'cmake_target_skip_unavailable': False, 'install_base': '/home/zakaria/grasp_planner/install/grasp_planner_service', 'merge_install': False, 'path': '/home/zakaria/grasp_planner/src/grasp_planner_service', 'symlink_install': False, 'test_result_base': None}
[0.259s] INFO:colcon.colcon_core.executor:Executing jobs using 'parallel' executor
[0.261s] DEBUG:colcon.colcon_parallel_executor.executor.parallel:run_until_complete
[0.261s] INFO:colcon.colcon_ros.task.ament_cmake.build:Building ROS package in '/home/zakaria/grasp_planner/src/grasp_planner_msgs' with build type 'ament_cmake'
[0.261s] INFO:colcon.colcon_cmake.task.cmake.build:Building CMake package in '/home/zakaria/grasp_planner/src/grasp_planner_msgs'
[0.263s] INFO:colcon.colcon_core.plugin_system:Skipping extension 'colcon_core.shell.bat': Not used on non-Windows systems
[0.263s] INFO:colcon.colcon_core.shell:Skip shell extension 'powershell' for command environment: Not usable outside of PowerShell
[0.263s] DEBUG:colcon.colcon_core.shell:Skip shell extension 'dsv' for command environment
[0.272s] DEBUG:colcon.colcon_core.event_handler.log_command:Invoking command in '/home/zakaria/grasp_planner/build/grasp_planner_msgs': CMAKE_PREFIX_PATH=/home/zakaria/workspace/ros/install/ur_description:/home/zakaria/workspace/ros/install/robotiq_description:/home/zakaria/workspace/ros/install/iai_tracy_ur:/home/zakaria/workspace/ros/install/iai_tracy_description:/home/zakaria/workspace/ros/install/iai_tracy_bringup:/home/zakaria/workspace/ros/install/giskardpy_ros:/opt/ros/jazzy:/home/zakaria/workspace/ros/install/iai_tracy:/home/zakaria/workspace/ros/install/iai_shelves:/home/zakaria/workspace/ros/install/iai_semantic_maps:/home/zakaria/workspace/ros/install/iai_refills_lab:/home/zakaria/workspace/ros/install/iai_pr2:/home/zakaria/workspace/ros/install/iai_pr2_description:/home/zakaria/workspace/ros/install/iai_maps:/home/zakaria/workspace/ros/install/iai_kitchen_defs:/home/zakaria/workspace/ros/install/iai_kitchen:/home/zakaria/workspace/ros/install/iai_apartment:/home/zakaria/workspace/ros/install/giskard_msgs:/home/zakaria/workspace/ros/install/chemistry_laboratory:/opt/ros/jazzy/opt/gz_sim_vendor:/opt/ros/jazzy/opt/gz_sensors_vendor:/opt/ros/jazzy/opt/gz_physics_vendor:/opt/ros/jazzy/opt/sdformat_vendor:/opt/ros/jazzy/opt/gz_gui_vendor:/opt/ros/jazzy/opt/gz_transport_vendor:/opt/ros/jazzy/opt/gz_rendering_vendor:/opt/ros/jazzy/opt/gz_plugin_vendor:/opt/ros/jazzy/opt/gz_fuel_tools_vendor:/opt/ros/jazzy/opt/gz_msgs_vendor:/opt/ros/jazzy/opt/gz_common_vendor:/opt/ros/jazzy/opt/gz_math_vendor:/opt/ros/jazzy/opt/gz_utils_vendor:/opt/ros/jazzy/opt/gz_tools_vendor:/opt/ros/jazzy/opt/gz_ogre_next_vendor:/opt/ros/jazzy/opt/gz_dartsim_vendor:/opt/ros/jazzy/opt/gz_cmake_vendor DEBUGINFOD_URLS=https://debuginfod.ubuntu.com LDFLAGS=-L/home/zakaria/local/lib -L/home/zakaria/local/lib /usr/bin/cmake /home/zakaria/grasp_planner/src/grasp_planner_msgs -DCMAKE_INSTALL_PREFIX=/home/zakaria/grasp_planner/install/grasp_planner_msgs
[3.912s] DEBUG:colcon.colcon_core.event_handler.log_command:Invoked command in '/home/zakaria/grasp_planner/build/grasp_planner_msgs' returned '0': CMAKE_PREFIX_PATH=/home/zakaria/workspace/ros/install/ur_description:/home/zakaria/workspace/ros/install/robotiq_description:/home/zakaria/workspace/ros/install/iai_tracy_ur:/home/zakaria/workspace/ros/install/iai_tracy_description:/home/zakaria/workspace/ros/install/iai_tracy_bringup:/home/zakaria/workspace/ros/install/giskardpy_ros:/opt/ros/jazzy:/home/zakaria/workspace/ros/install/iai_tracy:/home/zakaria/workspace/ros/install/iai_shelves:/home/zakaria/workspace/ros/install/iai_semantic_maps:/home/zakaria/workspace/ros/install/iai_refills_lab:/home/zakaria/workspace/ros/install/iai_pr2:/home/zakaria/workspace/ros/install/iai_pr2_description:/home/zakaria/workspace/ros/install/iai_maps:/home/zakaria/workspace/ros/install/iai_kitchen_defs:/home/zakaria/workspace/ros/install/iai_kitchen:/home/zakaria/workspace/ros/install/iai_apartment:/home/zakaria/workspace/ros/install/giskard_msgs:/home/zakaria/workspace/ros/install/chemistry_laboratory:/opt/ros/jazzy/opt/gz_sim_vendor:/opt/ros/jazzy/opt/gz_sensors_vendor:/opt/ros/jazzy/opt/gz_physics_vendor:/opt/ros/jazzy/opt/sdformat_vendor:/opt/ros/jazzy/opt/gz_gui_vendor:/opt/ros/jazzy/opt/gz_transport_vendor:/opt/ros/jazzy/opt/gz_rendering_vendor:/opt/ros/jazzy/opt/gz_plugin_vendor:/opt/ros/jazzy/opt/gz_fuel_tools_vendor:/opt/ros/jazzy/opt/gz_msgs_vendor:/opt/ros/jazzy/opt/gz_common_vendor:/opt/ros/jazzy/opt/gz_math_vendor:/opt/ros/jazzy/opt/gz_utils_vendor:/opt/ros/jazzy/opt/gz_tools_vendor:/opt/ros/jazzy/opt/gz_ogre_next_vendor:/opt/ros/jazzy/opt/gz_dartsim_vendor:/opt/ros/jazzy/opt/gz_cmake_vendor DEBUGINFOD_URLS=https://debuginfod.ubuntu.com LDFLAGS=-L/home/zakaria/local/lib -L/home/zakaria/local/lib /usr/bin/cmake /home/zakaria/grasp_planner/src/grasp_planner_msgs -DCMAKE_INSTALL_PREFIX=/home/zakaria/grasp_planner/install/grasp_planner_msgs
[3.914s] DEBUG:colcon.colcon_core.event_handler.log_command:Invoking command in '/home/zakaria/grasp_planner/build/grasp_planner_msgs': CMAKE_PREFIX_PATH=/home/zakaria/workspace/ros/install/ur_description:/home/zakaria/workspace/ros/install/robotiq_description:/home/zakaria/workspace/ros/install/iai_tracy_ur:/home/zakaria/workspace/ros/install/iai_tracy_description:/home/zakaria/workspace/ros/install/iai_tracy_bringup:/home/zakaria/workspace/ros/install/giskardpy_ros:/opt/ros/jazzy:/home/zakaria/workspace/ros/install/iai_tracy:/home/zakaria/workspace/ros/install/iai_shelves:/home/zakaria/workspace/ros/install/iai_semantic_maps:/home/zakaria/workspace/ros/install/iai_refills_lab:/home/zakaria/workspace/ros/install/iai_pr2:/home/zakaria/workspace/ros/install/iai_pr2_description:/home/zakaria/workspace/ros/install/iai_maps:/home/zakaria/workspace/ros/install/iai_kitchen_defs:/home/zakaria/workspace/ros/install/iai_kitchen:/home/zakaria/workspace/ros/install/iai_apartment:/home/zakaria/workspace/ros/install/giskard_msgs:/home/zakaria/workspace/ros/install/chemistry_laboratory:/opt/ros/jazzy/opt/gz_sim_vendor:/opt/ros/jazzy/opt/gz_sensors_vendor:/opt/ros/jazzy/opt/gz_physics_vendor:/opt/ros/jazzy/opt/sdformat_vendor:/opt/ros/jazzy/opt/gz_gui_vendor:/opt/ros/jazzy/opt/gz_transport_vendor:/opt/ros/jazzy/opt/gz_rendering_vendor:/opt/ros/jazzy/opt/gz_plugin_vendor:/opt/ros/jazzy/opt/gz_fuel_tools_vendor:/opt/ros/jazzy/opt/gz_msgs_vendor:/opt/ros/jazzy/opt/gz_common_vendor:/opt/ros/jazzy/opt/gz_math_vendor:/opt/ros/jazzy/opt/gz_utils_vendor:/opt/ros/jazzy/opt/gz_tools_vendor:/opt/ros/jazzy/opt/gz_ogre_next_vendor:/opt/ros/jazzy/opt/gz_dartsim_vendor:/opt/ros/jazzy/opt/gz_cmake_vendor DEBUGINFOD_URLS=https://debuginfod.ubuntu.com LDFLAGS=-L/home/zakaria/local/lib -L/home/zakaria/local/lib /usr/bin/cmake --build /home/zakaria/grasp_planner/build/grasp_planner_msgs -- -j12 -l12
[7.064s] DEBUG:colcon.colcon_core.event_handler.log_command:Invoked command in '/home/zakaria/grasp_planner/build/grasp_planner_msgs' returned '0': CMAKE_PREFIX_PATH=/home/zakaria/workspace/ros/install/ur_description:/home/zakaria/workspace/ros/install/robotiq_description:/home/zakaria/workspace/ros/install/iai_tracy_ur:/home/zakaria/workspace/ros/install/iai_tracy_description:/home/zakaria/workspace/ros/install/iai_tracy_bringup:/home/zakaria/workspace/ros/install/giskardpy_ros:/opt/ros/jazzy:/home/zakaria/workspace/ros/install/iai_tracy:/home/zakaria/workspace/ros/install/iai_shelves:/home/zakaria/workspace/ros/install/iai_semantic_maps:/home/zakaria/workspace/ros/install/iai_refills_lab:/home/zakaria/workspace/ros/install/iai_pr2:/home/zakaria/workspace/ros/install/iai_pr2_description:/home/zakaria/workspace/ros/install/iai_maps:/home/zakaria/workspace/ros/install/iai_kitchen_defs:/home/zakaria/workspace/ros/install/iai_kitchen:/home/zakaria/workspace/ros/install/iai_apartment:/home/zakaria/workspace/ros/install/giskard_msgs:/home/zakaria/workspace/ros/install/chemistry_laboratory:/opt/ros/jazzy/opt/gz_sim_vendor:/opt/ros/jazzy/opt/gz_sensors_vendor:/opt/ros/jazzy/opt/gz_physics_vendor:/opt/ros/jazzy/opt/sdformat_vendor:/opt/ros/jazzy/opt/gz_gui_vendor:/opt/ros/jazzy/opt/gz_transport_vendor:/opt/ros/jazzy/opt/gz_rendering_vendor:/opt/ros/jazzy/opt/gz_plugin_vendor:/opt/ros/jazzy/opt/gz_fuel_tools_vendor:/opt/ros/jazzy/opt/gz_msgs_vendor:/opt/ros/jazzy/opt/gz_common_vendor:/opt/ros/jazzy/opt/gz_math_vendor:/opt/ros/jazzy/opt/gz_utils_vendor:/opt/ros/jazzy/opt/gz_tools_vendor:/opt/ros/jazzy/opt/gz_ogre_next_vendor:/opt/ros/jazzy/opt/gz_dartsim_vendor:/opt/ros/jazzy/opt/gz_cmake_vendor DEBUGINFOD_URLS=https://debuginfod.ubuntu.com LDFLAGS=-L/home/zakaria/local/lib -L/home/zakaria/local/lib /usr/bin/cmake --build /home/zakaria/grasp_planner/build/grasp_planner_msgs -- -j12 -l12
[7.077s] DEBUG:colcon.colcon_core.event_handler.log_command:Invoking command in '/home/zakaria/grasp_planner/build/grasp_planner_msgs': CMAKE_PREFIX_PATH=/home/zakaria/workspace/ros/install/ur_description:/home/zakaria/workspace/ros/install/robotiq_description:/home/zakaria/workspace/ros/install/iai_tracy_ur:/home/zakaria/workspace/ros/install/iai_tracy_description:/home/zakaria/workspace/ros/install/iai_tracy_bringup:/home/zakaria/workspace/ros/install/giskardpy_ros:/opt/ros/jazzy:/home/zakaria/workspace/ros/install/iai_tracy:/home/zakaria/workspace/ros/install/iai_shelves:/home/zakaria/workspace/ros/install/iai_semantic_maps:/home/zakaria/workspace/ros/install/iai_refills_lab:/home/zakaria/workspace/ros/install/iai_pr2:/home/zakaria/workspace/ros/install/iai_pr2_description:/home/zakaria/workspace/ros/install/iai_maps:/home/zakaria/workspace/ros/install/iai_kitchen_defs:/home/zakaria/workspace/ros/install/iai_kitchen:/home/zakaria/workspace/ros/install/iai_apartment:/home/zakaria/workspace/ros/install/giskard_msgs:/home/zakaria/workspace/ros/install/chemistry_laboratory:/opt/ros/jazzy/opt/gz_sim_vendor:/opt/ros/jazzy/opt/gz_sensors_vendor:/opt/ros/jazzy/opt/gz_physics_vendor:/opt/ros/jazzy/opt/sdformat_vendor:/opt/ros/jazzy/opt/gz_gui_vendor:/opt/ros/jazzy/opt/gz_transport_vendor:/opt/ros/jazzy/opt/gz_rendering_vendor:/opt/ros/jazzy/opt/gz_plugin_vendor:/opt/ros/jazzy/opt/gz_fuel_tools_vendor:/opt/ros/jazzy/opt/gz_msgs_vendor:/opt/ros/jazzy/opt/gz_common_vendor:/opt/ros/jazzy/opt/gz_math_vendor:/opt/ros/jazzy/opt/gz_utils_vendor:/opt/ros/jazzy/opt/gz_tools_vendor:/opt/ros/jazzy/opt/gz_ogre_next_vendor:/opt/ros/jazzy/opt/gz_dartsim_vendor:/opt/ros/jazzy/opt/gz_cmake_vendor DEBUGINFOD_URLS=https://debuginfod.ubuntu.com LDFLAGS=-L/home/zakaria/local/lib -L/home/zakaria/local/lib /usr/bin/cmake --install /home/zakaria/grasp_planner/build/grasp_planner_msgs
[7.137s] Level 1:colcon.colcon_core.environment:create_environment_scripts_only(grasp_planner_msgs)
[7.138s] DEBUG:colcon.colcon_core.event_handler.log_command:Invoked command in '/home/zakaria/grasp_planner/build/grasp_planner_msgs' returned '0': CMAKE_PREFIX_PATH=/home/zakaria/workspace/ros/install/ur_description:/home/zakaria/workspace/ros/install/robotiq_description:/home/zakaria/workspace/ros/install/iai_tracy_ur:/home/zakaria/workspace/ros/install/iai_tracy_description:/home/zakaria/workspace/ros/install/iai_tracy_bringup:/home/zakaria/workspace/ros/install/giskardpy_ros:/opt/ros/jazzy:/home/zakaria/workspace/ros/install/iai_tracy:/home/zakaria/workspace/ros/install/iai_shelves:/home/zakaria/workspace/ros/install/iai_semantic_maps:/home/zakaria/workspace/ros/install/iai_refills_lab:/home/zakaria/workspace/ros/install/iai_pr2:/home/zakaria/workspace/ros/install/iai_pr2_description:/home/zakaria/workspace/ros/install/iai_maps:/home/zakaria/workspace/ros/install/iai_kitchen_defs:/home/zakaria/workspace/ros/install/iai_kitchen:/home/zakaria/workspace/ros/install/iai_apartment:/home/zakaria/workspace/ros/install/giskard_msgs:/home/zakaria/workspace/ros/install/chemistry_laboratory:/opt/ros/jazzy/opt/gz_sim_vendor:/opt/ros/jazzy/opt/gz_sensors_vendor:/opt/ros/jazzy/opt/gz_physics_vendor:/opt/ros/jazzy/opt/sdformat_vendor:/opt/ros/jazzy/opt/gz_gui_vendor:/opt/ros/jazzy/opt/gz_transport_vendor:/opt/ros/jazzy/opt/gz_rendering_vendor:/opt/ros/jazzy/opt/gz_plugin_vendor:/opt/ros/jazzy/opt/gz_fuel_tools_vendor:/opt/ros/jazzy/opt/gz_msgs_vendor:/opt/ros/jazzy/opt/gz_common_vendor:/opt/ros/jazzy/opt/gz_math_vendor:/opt/ros/jazzy/opt/gz_utils_vendor:/opt/ros/jazzy/opt/gz_tools_vendor:/opt/ros/jazzy/opt/gz_ogre_next_vendor:/opt/ros/jazzy/opt/gz_dartsim_vendor:/opt/ros/jazzy/opt/gz_cmake_vendor DEBUGINFOD_URLS=https://debuginfod.ubuntu.com LDFLAGS=-L/home/zakaria/local/lib -L/home/zakaria/local/lib /usr/bin/cmake --install /home/zakaria/grasp_planner/build/grasp_planner_msgs
[7.140s] Level 1:colcon.colcon_core.environment:checking '/home/zakaria/grasp_planner/install/grasp_planner_msgs' for CMake module files
[7.141s] Level 1:colcon.colcon_core.environment:checking '/home/zakaria/grasp_planner/install/grasp_planner_msgs' for CMake config files
[7.141s] Level 1:colcon.colcon_core.shell:create_environment_hook('grasp_planner_msgs', 'cmake_prefix_path')
[7.141s] INFO:colcon.colcon_core.shell:Creating environment hook '/home/zakaria/grasp_planner/install/grasp_planner_msgs/share/grasp_planner_msgs/hook/cmake_prefix_path.ps1'
[7.142s] INFO:colcon.colcon_core.shell:Creating environment descriptor '/home/zakaria/grasp_planner/install/grasp_planner_msgs/share/grasp_planner_msgs/hook/cmake_prefix_path.dsv'
[7.142s] INFO:colcon.colcon_core.shell:Creating environment hook '/home/zakaria/grasp_planner/install/grasp_planner_msgs/share/grasp_planner_msgs/hook/cmake_prefix_path.sh'
[7.143s] Level 1:colcon.colcon_core.environment:checking '/home/zakaria/grasp_planner/install/grasp_planner_msgs/lib'
[7.143s] Level 1:colcon.colcon_core.shell:create_environment_hook('grasp_planner_msgs', 'ld_library_path_lib')
[7.143s] INFO:colcon.colcon_core.shell:Creating environment hook '/home/zakaria/grasp_planner/install/grasp_planner_msgs/share/grasp_planner_msgs/hook/ld_library_path_lib.ps1'
[7.144s] INFO:colcon.colcon_core.shell:Creating environment descriptor '/home/zakaria/grasp_planner/install/grasp_planner_msgs/share/grasp_planner_msgs/hook/ld_library_path_lib.dsv'
[7.144s] INFO:colcon.colcon_core.shell:Creating environment hook '/home/zakaria/grasp_planner/install/grasp_planner_msgs/share/grasp_planner_msgs/hook/ld_library_path_lib.sh'
[7.144s] Level 1:colcon.colcon_core.environment:checking '/home/zakaria/grasp_planner/install/grasp_planner_msgs/bin'
[7.144s] Level 1:colcon.colcon_core.environment:checking '/home/zakaria/grasp_planner/install/grasp_planner_msgs/lib/pkgconfig/grasp_planner_msgs.pc'
[7.145s] Level 1:colcon.colcon_core.environment:checking '/home/zakaria/grasp_planner/install/grasp_planner_msgs/lib/python3.12/site-packages'
[7.145s] Level 1:colcon.colcon_core.shell:create_environment_hook('grasp_planner_msgs', 'pythonpath')
[7.145s] INFO:colcon.colcon_core.shell:Creating environment hook '/home/zakaria/grasp_planner/install/grasp_planner_msgs/share/grasp_planner_msgs/hook/pythonpath.ps1'
[7.145s] INFO:colcon.colcon_core.shell:Creating environment descriptor '/home/zakaria/grasp_planner/install/grasp_planner_msgs/share/grasp_planner_msgs/hook/pythonpath.dsv'
[7.145s] INFO:colcon.colcon_core.shell:Creating environment hook '/home/zakaria/grasp_planner/install/grasp_planner_msgs/share/grasp_planner_msgs/hook/pythonpath.sh'
[7.146s] Level 1:colcon.colcon_core.environment:checking '/home/zakaria/grasp_planner/install/grasp_planner_msgs/bin'
[7.146s] INFO:colcon.colcon_core.shell:Creating package script '/home/zakaria/grasp_planner/install/grasp_planner_msgs/share/grasp_planner_msgs/package.ps1'
[7.146s] INFO:colcon.colcon_core.shell:Creating package descriptor '/home/zakaria/grasp_planner/install/grasp_planner_msgs/share/grasp_planner_msgs/package.dsv'
[7.147s] INFO:colcon.colcon_core.shell:Creating package script '/home/zakaria/grasp_planner/install/grasp_planner_msgs/share/grasp_planner_msgs/package.sh'
[7.147s] INFO:colcon.colcon_core.shell:Creating package script '/home/zakaria/grasp_planner/install/grasp_planner_msgs/share/grasp_planner_msgs/package.bash'
[7.147s] INFO:colcon.colcon_core.shell:Creating package script '/home/zakaria/grasp_planner/install/grasp_planner_msgs/share/grasp_planner_msgs/package.zsh'
[7.148s] Level 1:colcon.colcon_core.environment:create_file_with_runtime_dependencies(/home/zakaria/grasp_planner/install/grasp_planner_msgs/share/colcon-core/packages/grasp_planner_msgs)
[7.148s] Level 1:colcon.colcon_core.environment:create_environment_scripts_only(grasp_planner_msgs)
[7.148s] Level 1:colcon.colcon_core.environment:checking '/home/zakaria/grasp_planner/install/grasp_planner_msgs' for CMake module files
[7.148s] Level 1:colcon.colcon_core.environment:checking '/home/zakaria/grasp_planner/install/grasp_planner_msgs' for CMake config files
[7.149s] Level 1:colcon.colcon_core.shell:create_environment_hook('grasp_planner_msgs', 'cmake_prefix_path')
[7.149s] INFO:colcon.colcon_core.shell:Creating environment hook '/home/zakaria/grasp_planner/install/grasp_planner_msgs/share/grasp_planner_msgs/hook/cmake_prefix_path.ps1'
[7.149s] INFO:colcon.colcon_core.shell:Creating environment descriptor '/home/zakaria/grasp_planner/install/grasp_planner_msgs/share/grasp_planner_msgs/hook/cmake_prefix_path.dsv'
[7.149s] INFO:colcon.colcon_core.shell:Creating environment hook '/home/zakaria/grasp_planner/install/grasp_planner_msgs/share/grasp_planner_msgs/hook/cmake_prefix_path.sh'
[7.149s] Level 1:colcon.colcon_core.environment:checking '/home/zakaria/grasp_planner/install/grasp_planner_msgs/lib'
[7.149s] Level 1:colcon.colcon_core.shell:create_environment_hook('grasp_planner_msgs', 'ld_library_path_lib')
[7.150s] INFO:colcon.colcon_core.shell:Creating environment hook '/home/zakaria/grasp_planner/install/grasp_planner_msgs/share/grasp_planner_msgs/hook/ld_library_path_lib.ps1'
[7.150s] INFO:colcon.colcon_core.shell:Creating environment descriptor '/home/zakaria/grasp_planner/install/grasp_planner_msgs/share/grasp_planner_msgs/hook/ld_library_path_lib.dsv'
[7.150s] INFO:colcon.colcon_core.shell:Creating environment hook '/home/zakaria/grasp_planner/install/grasp_planner_msgs/share/grasp_planner_msgs/hook/ld_library_path_lib.sh'
[7.150s] Level 1:colcon.colcon_core.environment:checking '/home/zakaria/grasp_planner/install/grasp_planner_msgs/bin'
[7.150s] Level 1:colcon.colcon_core.environment:checking '/home/zakaria/grasp_planner/install/grasp_planner_msgs/lib/pkgconfig/grasp_planner_msgs.pc'
[7.150s] Level 1:colcon.colcon_core.environment:checking '/home/zakaria/grasp_planner/install/grasp_planner_msgs/lib/python3.12/site-packages'
[7.150s] Level 1:colcon.colcon_core.shell:create_environment_hook('grasp_planner_msgs', 'pythonpath')
[7.150s] INFO:colcon.colcon_core.shell:Creating environment hook '/home/zakaria/grasp_planner/install/grasp_planner_msgs/share/grasp_planner_msgs/hook/pythonpath.ps1'
[7.151s] INFO:colcon.colcon_core.shell:Creating environment descriptor '/home/zakaria/grasp_planner/install/grasp_planner_msgs/share/grasp_planner_msgs/hook/pythonpath.dsv'
[7.151s] INFO:colcon.colcon_core.shell:Creating environment hook '/home/zakaria/grasp_planner/install/grasp_planner_msgs/share/grasp_planner_msgs/hook/pythonpath.sh'
[7.151s] Level 1:colcon.colcon_core.environment:checking '/home/zakaria/grasp_planner/install/grasp_planner_msgs/bin'
[7.151s] INFO:colcon.colcon_core.shell:Creating package script '/home/zakaria/grasp_planner/install/grasp_planner_msgs/share/grasp_planner_msgs/package.ps1'
[7.152s] INFO:colcon.colcon_core.shell:Creating package descriptor '/home/zakaria/grasp_planner/install/grasp_planner_msgs/share/grasp_planner_msgs/package.dsv'
[7.152s] INFO:colcon.colcon_core.shell:Creating package script '/home/zakaria/grasp_planner/install/grasp_planner_msgs/share/grasp_planner_msgs/package.sh'
[7.152s] INFO:colcon.colcon_core.shell:Creating package script '/home/zakaria/grasp_planner/install/grasp_planner_msgs/share/grasp_planner_msgs/package.bash'
[7.153s] INFO:colcon.colcon_core.shell:Creating package script '/home/zakaria/grasp_planner/install/grasp_planner_msgs/share/grasp_planner_msgs/package.zsh'
[7.153s] Level 1:colcon.colcon_core.environment:create_file_with_runtime_dependencies(/home/zakaria/grasp_planner/install/grasp_planner_msgs/share/colcon-core/packages/grasp_planner_msgs)
[7.153s] INFO:colcon.colcon_ros.task.ament_cmake.build:Building ROS package in '/home/zakaria/grasp_planner/src/grasp_planner_service' with build type 'ament_cmake'
[7.153s] INFO:colcon.colcon_cmake.task.cmake.build:Building CMake package in '/home/zakaria/grasp_planner/src/grasp_planner_service'
[7.153s] INFO:colcon.colcon_core.shell:Skip shell extension 'powershell' for command environment: Not usable outside of PowerShell
[7.153s] DEBUG:colcon.colcon_core.shell:Skip shell extension 'dsv' for command environment
[7.163s] DEBUG:colcon.colcon_core.event_handler.log_command:Invoking command in '/home/zakaria/grasp_planner/build/grasp_planner_service': AMENT_PREFIX_PATH=/home/zakaria/grasp_planner/install/grasp_planner_msgs:${AMENT_PREFIX_PATH} CMAKE_PREFIX_PATH=/home/zakaria/grasp_planner/install/grasp_planner_msgs:/home/zakaria/workspace/ros/install/ur_description:/home/zakaria/workspace/ros/install/robotiq_description:/home/zakaria/workspace/ros/install/iai_tracy_ur:/home/zakaria/workspace/ros/install/iai_tracy_description:/home/zakaria/workspace/ros/install/iai_tracy_bringup:/home/zakaria/workspace/ros/install/giskardpy_ros:/opt/ros/jazzy:/home/zakaria/workspace/ros/install/iai_tracy:/home/zakaria/workspace/ros/install/iai_shelves:/home/zakaria/workspace/ros/install/iai_semantic_maps:/home/zakaria/workspace/ros/install/iai_refills_lab:/home/zakaria/workspace/ros/install/iai_pr2:/home/zakaria/workspace/ros/install/iai_pr2_description:/home/zakaria/workspace/ros/install/iai_maps:/home/zakaria/workspace/ros/install/iai_kitchen_defs:/home/zakaria/workspace/ros/install/iai_kitchen:/home/zakaria/workspace/ros/install/iai_apartment:/home/zakaria/workspace/ros/install/giskard_msgs:/home/zakaria/workspace/ros/install/chemistry_laboratory:/opt/ros/jazzy/opt/gz_sim_vendor:/opt/ros/jazzy/opt/gz_sensors_vendor:/opt/ros/jazzy/opt/gz_physics_vendor:/opt/ros/jazzy/opt/sdformat_vendor:/opt/ros/jazzy/opt/gz_gui_vendor:/opt/ros/jazzy/opt/gz_transport_vendor:/opt/ros/jazzy/opt/gz_rendering_vendor:/opt/ros/jazzy/opt/gz_plugin_vendor:/opt/ros/jazzy/opt/gz_fuel_tools_vendor:/opt/ros/jazzy/opt/gz_msgs_vendor:/opt/ros/jazzy/opt/gz_common_vendor:/opt/ros/jazzy/opt/gz_math_vendor:/opt/ros/jazzy/opt/gz_utils_vendor:/opt/ros/jazzy/opt/gz_tools_vendor:/opt/ros/jazzy/opt/gz_ogre_next_vendor:/opt/ros/jazzy/opt/gz_dartsim_vendor:/opt/ros/jazzy/opt/gz_cmake_vendor DEBUGINFOD_URLS=https://debuginfod.ubuntu.com LDFLAGS=-L/home/zakaria/local/lib -L/home/zakaria/local/lib LD_LIBRARY_PATH=/home/zakaria/grasp_planner/install/grasp_planner_msgs/lib:${LD_LIBRARY_PATH} PYTHONPATH=/home/zakaria/grasp_planner/install/grasp_planner_msgs/lib/python3.12/site-packages:${PYTHONPATH} /usr/bin/cmake /home/zakaria/grasp_planner/src/grasp_planner_service -DCMAKE_INSTALL_PREFIX=/home/zakaria/grasp_planner/install/grasp_planner_service
[8.682s] DEBUG:colcon.colcon_core.event_handler.log_command:Invoked command in '/home/zakaria/grasp_planner/build/grasp_planner_service' returned '0': AMENT_PREFIX_PATH=/home/zakaria/grasp_planner/install/grasp_planner_msgs:${AMENT_PREFIX_PATH} CMAKE_PREFIX_PATH=/home/zakaria/grasp_planner/install/grasp_planner_msgs:/home/zakaria/workspace/ros/install/ur_description:/home/zakaria/workspace/ros/install/robotiq_description:/home/zakaria/workspace/ros/install/iai_tracy_ur:/home/zakaria/workspace/ros/install/iai_tracy_description:/home/zakaria/workspace/ros/install/iai_tracy_bringup:/home/zakaria/workspace/ros/install/giskardpy_ros:/opt/ros/jazzy:/home/zakaria/workspace/ros/install/iai_tracy:/home/zakaria/workspace/ros/install/iai_shelves:/home/zakaria/workspace/ros/install/iai_semantic_maps:/home/zakaria/workspace/ros/install/iai_refills_lab:/home/zakaria/workspace/ros/install/iai_pr2:/home/zakaria/workspace/ros/install/iai_pr2_description:/home/zakaria/workspace/ros/install/iai_maps:/home/zakaria/workspace/ros/install/iai_kitchen_defs:/home/zakaria/workspace/ros/install/iai_kitchen:/home/zakaria/workspace/ros/install/iai_apartment:/home/zakaria/workspace/ros/install/giskard_msgs:/home/zakaria/workspace/ros/install/chemistry_laboratory:/opt/ros/jazzy/opt/gz_sim_vendor:/opt/ros/jazzy/opt/gz_sensors_vendor:/opt/ros/jazzy/opt/gz_physics_vendor:/opt/ros/jazzy/opt/sdformat_vendor:/opt/ros/jazzy/opt/gz_gui_vendor:/opt/ros/jazzy/opt/gz_transport_vendor:/opt/ros/jazzy/opt/gz_rendering_vendor:/opt/ros/jazzy/opt/gz_plugin_vendor:/opt/ros/jazzy/opt/gz_fuel_tools_vendor:/opt/ros/jazzy/opt/gz_msgs_vendor:/opt/ros/jazzy/opt/gz_common_vendor:/opt/ros/jazzy/opt/gz_math_vendor:/opt/ros/jazzy/opt/gz_utils_vendor:/opt/ros/jazzy/opt/gz_tools_vendor:/opt/ros/jazzy/opt/gz_ogre_next_vendor:/opt/ros/jazzy/opt/gz_dartsim_vendor:/opt/ros/jazzy/opt/gz_cmake_vendor DEBUGINFOD_URLS=https://debuginfod.ubuntu.com LDFLAGS=-L/home/zakaria/local/lib -L/home/zakaria/local/lib LD_LIBRARY_PATH=/home/zakaria/grasp_planner/install/grasp_planner_msgs/lib:${LD_LIBRARY_PATH} PYTHONPATH=/home/zakaria/grasp_planner/install/grasp_planner_msgs/lib/python3.12/site-packages:${PYTHONPATH} /usr/bin/cmake /home/zakaria/grasp_planner/src/grasp_planner_service -DCMAKE_INSTALL_PREFIX=/home/zakaria/grasp_planner/install/grasp_planner_service
[8.683s] DEBUG:colcon.colcon_core.event_handler.log_command:Invoking command in '/home/zakaria/grasp_planner/build/grasp_planner_service': AMENT_PREFIX_PATH=/home/zakaria/grasp_planner/install/grasp_planner_msgs:${AMENT_PREFIX_PATH} CMAKE_PREFIX_PATH=/home/zakaria/grasp_planner/install/grasp_planner_msgs:/home/zakaria/workspace/ros/install/ur_description:/home/zakaria/workspace/ros/install/robotiq_description:/home/zakaria/workspace/ros/install/iai_tracy_ur:/home/zakaria/workspace/ros/install/iai_tracy_description:/home/zakaria/workspace/ros/install/iai_tracy_bringup:/home/zakaria/workspace/ros/install/giskardpy_ros:/opt/ros/jazzy:/home/zakaria/workspace/ros/install/iai_tracy:/home/zakaria/workspace/ros/install/iai_shelves:/home/zakaria/workspace/ros/install/iai_semantic_maps:/home/zakaria/workspace/ros/install/iai_refills_lab:/home/zakaria/workspace/ros/install/iai_pr2:/home/zakaria/workspace/ros/install/iai_pr2_description:/home/zakaria/workspace/ros/install/iai_maps:/home/zakaria/workspace/ros/install/iai_kitchen_defs:/home/zakaria/workspace/ros/install/iai_kitchen:/home/zakaria/workspace/ros/install/iai_apartment:/home/zakaria/workspace/ros/install/giskard_msgs:/home/zakaria/workspace/ros/install/chemistry_laboratory:/opt/ros/jazzy/opt/gz_sim_vendor:/opt/ros/jazzy/opt/gz_sensors_vendor:/opt/ros/jazzy/opt/gz_physics_vendor:/opt/ros/jazzy/opt/sdformat_vendor:/opt/ros/jazzy/opt/gz_gui_vendor:/opt/ros/jazzy/opt/gz_transport_vendor:/opt/ros/jazzy/opt/gz_rendering_vendor:/opt/ros/jazzy/opt/gz_plugin_vendor:/opt/ros/jazzy/opt/gz_fuel_tools_vendor:/opt/ros/jazzy/opt/gz_msgs_vendor:/opt/ros/jazzy/opt/gz_common_vendor:/opt/ros/jazzy/opt/gz_math_vendor:/opt/ros/jazzy/opt/gz_utils_vendor:/opt/ros/jazzy/opt/gz_tools_vendor:/opt/ros/jazzy/opt/gz_ogre_next_vendor:/opt/ros/jazzy/opt/gz_dartsim_vendor:/opt/ros/jazzy/opt/gz_cmake_vendor DEBUGINFOD_URLS=https://debuginfod.ubuntu.com LDFLAGS=-L/home/zakaria/local/lib -L/home/zakaria/local/lib LD_LIBRARY_PATH=/home/zakaria/grasp_planner/install/grasp_planner_msgs/lib:${LD_LIBRARY_PATH} PYTHONPATH=/home/zakaria/grasp_planner/install/grasp_planner_msgs/lib/python3.12/site-packages:${PYTHONPATH} /usr/bin/cmake --build /home/zakaria/grasp_planner/build/grasp_planner_service -- -j12 -l12
[22.736s] DEBUG:colcon.colcon_core.event_handler.log_command:Invoked command in '/home/zakaria/grasp_planner/build/grasp_planner_service' returned '0': AMENT_PREFIX_PATH=/home/zakaria/grasp_planner/install/grasp_planner_msgs:${AMENT_PREFIX_PATH} CMAKE_PREFIX_PATH=/home/zakaria/grasp_planner/install/grasp_planner_msgs:/home/zakaria/workspace/ros/install/ur_description:/home/zakaria/workspace/ros/install/robotiq_description:/home/zakaria/workspace/ros/install/iai_tracy_ur:/home/zakaria/workspace/ros/install/iai_tracy_description:/home/zakaria/workspace/ros/install/iai_tracy_bringup:/home/zakaria/workspace/ros/install/giskardpy_ros:/opt/ros/jazzy:/home/zakaria/workspace/ros/install/iai_tracy:/home/zakaria/workspace/ros/install/iai_shelves:/home/zakaria/workspace/ros/install/iai_semantic_maps:/home/zakaria/workspace/ros/install/iai_refills_lab:/home/zakaria/workspace/ros/install/iai_pr2:/home/zakaria/workspace/ros/install/iai_pr2_description:/home/zakaria/workspace/ros/install/iai_maps:/home/zakaria/workspace/ros/install/iai_kitchen_defs:/home/zakaria/workspace/ros/install/iai_kitchen:/home/zakaria/workspace/ros/install/iai_apartment:/home/zakaria/workspace/ros/install/giskard_msgs:/home/zakaria/workspace/ros/install/chemistry_laboratory:/opt/ros/jazzy/opt/gz_sim_vendor:/opt/ros/jazzy/opt/gz_sensors_vendor:/opt/ros/jazzy/opt/gz_physics_vendor:/opt/ros/jazzy/opt/sdformat_vendor:/opt/ros/jazzy/opt/gz_gui_vendor:/opt/ros/jazzy/opt/gz_transport_vendor:/opt/ros/jazzy/opt/gz_rendering_vendor:/opt/ros/jazzy/opt/gz_plugin_vendor:/opt/ros/jazzy/opt/gz_fuel_tools_vendor:/opt/ros/jazzy/opt/gz_msgs_vendor:/opt/ros/jazzy/opt/gz_common_vendor:/opt/ros/jazzy/opt/gz_math_vendor:/opt/ros/jazzy/opt/gz_utils_vendor:/opt/ros/jazzy/opt/gz_tools_vendor:/opt/ros/jazzy/opt/gz_ogre_next_vendor:/opt/ros/jazzy/opt/gz_dartsim_vendor:/opt/ros/jazzy/opt/gz_cmake_vendor DEBUGINFOD_URLS=https://debuginfod.ubuntu.com LDFLAGS=-L/home/zakaria/local/lib -L/home/zakaria/local/lib LD_LIBRARY_PATH=/home/zakaria/grasp_planner/install/grasp_planner_msgs/lib:${LD_LIBRARY_PATH} PYTHONPATH=/home/zakaria/grasp_planner/install/grasp_planner_msgs/lib/python3.12/site-packages:${PYTHONPATH} /usr/bin/cmake --build /home/zakaria/grasp_planner/build/grasp_planner_service -- -j12 -l12
[22.738s] DEBUG:colcon.colcon_core.event_handler.log_command:Invoking command in '/home/zakaria/grasp_planner/build/grasp_planner_service': AMENT_PREFIX_PATH=/home/zakaria/grasp_planner/install/grasp_planner_msgs:${AMENT_PREFIX_PATH} CMAKE_PREFIX_PATH=/home/zakaria/grasp_planner/install/grasp_planner_msgs:/home/zakaria/workspace/ros/install/ur_description:/home/zakaria/workspace/ros/install/robotiq_description:/home/zakaria/workspace/ros/install/iai_tracy_ur:/home/zakaria/workspace/ros/install/iai_tracy_description:/home/zakaria/workspace/ros/install/iai_tracy_bringup:/home/zakaria/workspace/ros/install/giskardpy_ros:/opt/ros/jazzy:/home/zakaria/workspace/ros/install/iai_tracy:/home/zakaria/workspace/ros/install/iai_shelves:/home/zakaria/workspace/ros/install/iai_semantic_maps:/home/zakaria/workspace/ros/install/iai_refills_lab:/home/zakaria/workspace/ros/install/iai_pr2:/home/zakaria/workspace/ros/install/iai_pr2_description:/home/zakaria/workspace/ros/install/iai_maps:/home/zakaria/workspace/ros/install/iai_kitchen_defs:/home/zakaria/workspace/ros/install/iai_kitchen:/home/zakaria/workspace/ros/install/iai_apartment:/home/zakaria/workspace/ros/install/giskard_msgs:/home/zakaria/workspace/ros/install/chemistry_laboratory:/opt/ros/jazzy/opt/gz_sim_vendor:/opt/ros/jazzy/opt/gz_sensors_vendor:/opt/ros/jazzy/opt/gz_physics_vendor:/opt/ros/jazzy/opt/sdformat_vendor:/opt/ros/jazzy/opt/gz_gui_vendor:/opt/ros/jazzy/opt/gz_transport_vendor:/opt/ros/jazzy/opt/gz_rendering_vendor:/opt/ros/jazzy/opt/gz_plugin_vendor:/opt/ros/jazzy/opt/gz_fuel_tools_vendor:/opt/ros/jazzy/opt/gz_msgs_vendor:/opt/ros/jazzy/opt/gz_common_vendor:/opt/ros/jazzy/opt/gz_math_vendor:/opt/ros/jazzy/opt/gz_utils_vendor:/opt/ros/jazzy/opt/gz_tools_vendor:/opt/ros/jazzy/opt/gz_ogre_next_vendor:/opt/ros/jazzy/opt/gz_dartsim_vendor:/opt/ros/jazzy/opt/gz_cmake_vendor DEBUGINFOD_URLS=https://debuginfod.ubuntu.com LDFLAGS=-L/home/zakaria/local/lib -L/home/zakaria/local/lib LD_LIBRARY_PATH=/home/zakaria/grasp_planner/install/grasp_planner_msgs/lib:${LD_LIBRARY_PATH} PYTHONPATH=/home/zakaria/grasp_planner/install/grasp_planner_msgs/lib/python3.12/site-packages:${PYTHONPATH} /usr/bin/cmake --install /home/zakaria/grasp_planner/build/grasp_planner_service
[22.755s] Level 1:colcon.colcon_core.environment:create_environment_scripts_only(grasp_planner_service)
[22.755s] Level 1:colcon.colcon_core.environment:checking '/home/zakaria/grasp_planner/install/grasp_planner_service' for CMake module files
[22.756s] DEBUG:colcon.colcon_core.event_handler.log_command:Invoked command in '/home/zakaria/grasp_planner/build/grasp_planner_service' returned '0': AMENT_PREFIX_PATH=/home/zakaria/grasp_planner/install/grasp_planner_msgs:${AMENT_PREFIX_PATH} CMAKE_PREFIX_PATH=/home/zakaria/grasp_planner/install/grasp_planner_msgs:/home/zakaria/workspace/ros/install/ur_description:/home/zakaria/workspace/ros/install/robotiq_description:/home/zakaria/workspace/ros/install/iai_tracy_ur:/home/zakaria/workspace/ros/install/iai_tracy_description:/home/zakaria/workspace/ros/install/iai_tracy_bringup:/home/zakaria/workspace/ros/install/giskardpy_ros:/opt/ros/jazzy:/home/zakaria/workspace/ros/install/iai_tracy:/home/zakaria/workspace/ros/install/iai_shelves:/home/zakaria/workspace/ros/install/iai_semantic_maps:/home/zakaria/workspace/ros/install/iai_refills_lab:/home/zakaria/workspace/ros/install/iai_pr2:/home/zakaria/workspace/ros/install/iai_pr2_description:/home/zakaria/workspace/ros/install/iai_maps:/home/zakaria/workspace/ros/install/iai_kitchen_defs:/home/zakaria/workspace/ros/install/iai_kitchen:/home/zakaria/workspace/ros/install/iai_apartment:/home/zakaria/workspace/ros/install/giskard_msgs:/home/zakaria/workspace/ros/install/chemistry_laboratory:/opt/ros/jazzy/opt/gz_sim_vendor:/opt/ros/jazzy/opt/gz_sensors_vendor:/opt/ros/jazzy/opt/gz_physics_vendor:/opt/ros/jazzy/opt/sdformat_vendor:/opt/ros/jazzy/opt/gz_gui_vendor:/opt/ros/jazzy/opt/gz_transport_vendor:/opt/ros/jazzy/opt/gz_rendering_vendor:/opt/ros/jazzy/opt/gz_plugin_vendor:/opt/ros/jazzy/opt/gz_fuel_tools_vendor:/opt/ros/jazzy/opt/gz_msgs_vendor:/opt/ros/jazzy/opt/gz_common_vendor:/opt/ros/jazzy/opt/gz_math_vendor:/opt/ros/jazzy/opt/gz_utils_vendor:/opt/ros/jazzy/opt/gz_tools_vendor:/opt/ros/jazzy/opt/gz_ogre_next_vendor:/opt/ros/jazzy/opt/gz_dartsim_vendor:/opt/ros/jazzy/opt/gz_cmake_vendor DEBUGINFOD_URLS=https://debuginfod.ubuntu.com LDFLAGS=-L/home/zakaria/local/lib -L/home/zakaria/local/lib LD_LIBRARY_PATH=/home/zakaria/grasp_planner/install/grasp_planner_msgs/lib:${LD_LIBRARY_PATH} PYTHONPATH=/home/zakaria/grasp_planner/install/grasp_planner_msgs/lib/python3.12/site-packages:${PYTHONPATH} /usr/bin/cmake --install /home/zakaria/grasp_planner/build/grasp_planner_service
[22.757s] Level 1:colcon.colcon_core.environment:checking '/home/zakaria/grasp_planner/install/grasp_planner_service' for CMake config files
[22.757s] Level 1:colcon.colcon_core.shell:create_environment_hook('grasp_planner_service', 'cmake_prefix_path')
[22.757s] INFO:colcon.colcon_core.shell:Creating environment hook '/home/zakaria/grasp_planner/install/grasp_planner_service/share/grasp_planner_service/hook/cmake_prefix_path.ps1'
[22.758s] INFO:colcon.colcon_core.shell:Creating environment descriptor '/home/zakaria/grasp_planner/install/grasp_planner_service/share/grasp_planner_service/hook/cmake_prefix_path.dsv'
[22.758s] INFO:colcon.colcon_core.shell:Creating environment hook '/home/zakaria/grasp_planner/install/grasp_planner_service/share/grasp_planner_service/hook/cmake_prefix_path.sh'
[22.759s] Level 1:colcon.colcon_core.environment:checking '/home/zakaria/grasp_planner/install/grasp_planner_service/lib'
[22.759s] Level 1:colcon.colcon_core.environment:checking '/home/zakaria/grasp_planner/install/grasp_planner_service/bin'
[22.759s] Level 1:colcon.colcon_core.environment:checking '/home/zakaria/grasp_planner/install/grasp_planner_service/lib/pkgconfig/grasp_planner_service.pc'
[22.760s] Level 1:colcon.colcon_core.environment:checking '/home/zakaria/grasp_planner/install/grasp_planner_service/lib/python3.12/site-packages'
[22.760s] Level 1:colcon.colcon_core.environment:checking '/home/zakaria/grasp_planner/install/grasp_planner_service/bin'
[22.761s] INFO:colcon.colcon_core.shell:Creating package script '/home/zakaria/grasp_planner/install/grasp_planner_service/share/grasp_planner_service/package.ps1'
[22.761s] INFO:colcon.colcon_core.shell:Creating package descriptor '/home/zakaria/grasp_planner/install/grasp_planner_service/share/grasp_planner_service/package.dsv'
[22.762s] INFO:colcon.colcon_core.shell:Creating package script '/home/zakaria/grasp_planner/install/grasp_planner_service/share/grasp_planner_service/package.sh'
[22.762s] INFO:colcon.colcon_core.shell:Creating package script '/home/zakaria/grasp_planner/install/grasp_planner_service/share/grasp_planner_service/package.bash'
[22.763s] INFO:colcon.colcon_core.shell:Creating package script '/home/zakaria/grasp_planner/install/grasp_planner_service/share/grasp_planner_service/package.zsh'
[22.763s] Level 1:colcon.colcon_core.environment:create_file_with_runtime_dependencies(/home/zakaria/grasp_planner/install/grasp_planner_service/share/colcon-core/packages/grasp_planner_service)
[22.764s] Level 1:colcon.colcon_core.environment:create_environment_scripts_only(grasp_planner_service)
[22.764s] Level 1:colcon.colcon_core.environment:checking '/home/zakaria/grasp_planner/install/grasp_planner_service' for CMake module files
[22.765s] Level 1:colcon.colcon_core.environment:checking '/home/zakaria/grasp_planner/install/grasp_planner_service' for CMake config files
[22.765s] Level 1:colcon.colcon_core.shell:create_environment_hook('grasp_planner_service', 'cmake_prefix_path')
[22.765s] INFO:colcon.colcon_core.shell:Creating environment hook '/home/zakaria/grasp_planner/install/grasp_planner_service/share/grasp_planner_service/hook/cmake_prefix_path.ps1'
[22.766s] INFO:colcon.colcon_core.shell:Creating environment descriptor '/home/zakaria/grasp_planner/install/grasp_planner_service/share/grasp_planner_service/hook/cmake_prefix_path.dsv'
[22.766s] INFO:colcon.colcon_core.shell:Creating environment hook '/home/zakaria/grasp_planner/install/grasp_planner_service/share/grasp_planner_service/hook/cmake_prefix_path.sh'
[22.767s] Level 1:colcon.colcon_core.environment:checking '/home/zakaria/grasp_planner/install/grasp_planner_service/lib'
[22.767s] Level 1:colcon.colcon_core.environment:checking '/home/zakaria/grasp_planner/install/grasp_planner_service/bin'
[22.767s] Level 1:colcon.colcon_core.environment:checking '/home/zakaria/grasp_planner/install/grasp_planner_service/lib/pkgconfig/grasp_planner_service.pc'
[22.767s] Level 1:colcon.colcon_core.environment:checking '/home/zakaria/grasp_planner/install/grasp_planner_service/lib/python3.12/site-packages'
[22.768s] Level 1:colcon.colcon_core.environment:checking '/home/zakaria/grasp_planner/install/grasp_planner_service/bin'
[22.768s] INFO:colcon.colcon_core.shell:Creating package script '/home/zakaria/grasp_planner/install/grasp_planner_service/share/grasp_planner_service/package.ps1'
[22.769s] INFO:colcon.colcon_core.shell:Creating package descriptor '/home/zakaria/grasp_planner/install/grasp_planner_service/share/grasp_planner_service/package.dsv'
[22.771s] INFO:colcon.colcon_core.shell:Creating package script '/home/zakaria/grasp_planner/install/grasp_planner_service/share/grasp_planner_service/package.sh'
[22.772s] INFO:colcon.colcon_core.shell:Creating package script '/home/zakaria/grasp_planner/install/grasp_planner_service/share/grasp_planner_service/package.bash'
[22.774s] INFO:colcon.colcon_core.shell:Creating package script '/home/zakaria/grasp_planner/install/grasp_planner_service/share/grasp_planner_service/package.zsh'
[22.775s] Level 1:colcon.colcon_core.environment:create_file_with_runtime_dependencies(/home/zakaria/grasp_planner/install/grasp_planner_service/share/colcon-core/packages/grasp_planner_service)
[22.775s] DEBUG:colcon.colcon_parallel_executor.executor.parallel:closing loop
[22.776s] DEBUG:colcon.colcon_parallel_executor.executor.parallel:loop closed
[22.776s] DEBUG:colcon.colcon_parallel_executor.executor.parallel:run_until_complete finished with '0'
[22.776s] DEBUG:colcon.colcon_core.event_reactor:joining thread
[22.782s] INFO:colcon.colcon_core.plugin_system:Skipping extension 'colcon_notification.desktop_notification.terminal_notifier': Not used on non-Darwin systems
[22.782s] INFO:colcon.colcon_core.plugin_system:Skipping extension 'colcon_notification.desktop_notification.win32': Not used on non-Windows systems
[22.782s] INFO:colcon.colcon_notification.desktop_notification:Sending desktop notification using 'notify2'
[22.800s] DEBUG:colcon.colcon_core.event_reactor:joined thread
[22.800s] INFO:colcon.colcon_core.shell:Creating prefix script '/home/zakaria/grasp_planner/install/local_setup.ps1'
[22.802s] INFO:colcon.colcon_core.shell:Creating prefix util module '/home/zakaria/grasp_planner/install/_local_setup_util_ps1.py'
[22.803s] INFO:colcon.colcon_core.shell:Creating prefix chain script '/home/zakaria/grasp_planner/install/setup.ps1'
[22.805s] INFO:colcon.colcon_core.shell:Creating prefix script '/home/zakaria/grasp_planner/install/local_setup.sh'
[22.806s] INFO:colcon.colcon_core.shell:Creating prefix util module '/home/zakaria/grasp_planner/install/_local_setup_util_sh.py'
[22.807s] INFO:colcon.colcon_core.shell:Creating prefix chain script '/home/zakaria/grasp_planner/install/setup.sh'
[22.810s] INFO:colcon.colcon_core.shell:Creating prefix script '/home/zakaria/grasp_planner/install/local_setup.bash'
[22.811s] INFO:colcon.colcon_core.shell:Creating prefix chain script '/home/zakaria/grasp_planner/install/setup.bash'
[22.813s] INFO:colcon.colcon_core.shell:Creating prefix script '/home/zakaria/grasp_planner/install/local_setup.zsh'
[22.814s] INFO:colcon.colcon_core.shell:Creating prefix chain script '/home/zakaria/grasp_planner/install/setup.zsh'
